product_name,product_type,purchase_price,unit_price,sku,stock_status,current_stock,discount,discount_type,product_images,additional_images,category,sub_category,standard_delivery_time,weight,height,length,width,product_description,meta_tags_description,rating,review_count,seller_name,source_site,source_url,product_id,scraped_at,original_title,variants
"BERIBES Bluetooth Headphones Over Ear, 65H Playtime and 6 EQ Music Modes Wireless Headphones with Microphone, HiFi Stereo Foldable Lightweight Headsets, Deep Bass for Home Office Cellphone PC Ect.",Single Product,14.4,18.0,AMZ-HEA-0003,In Stock,98,0.0,%,['https://m.media-amazon.com/images/I/71sBygGN7TL._AC_UY218_.jpg'],[],Electronics,Smartphones,24 hr(s),0.0,0.0,0.0,0.0,"Quality BERIBES Bluetooth Headphones Over Ear, 65H Playtime and 6 EQ Music Modes Wireless Headphones with Microphone, HiFi Stereo Foldable Lightweight Headsets, Deep Bass for Home Office Cellphone PC Ect. from Amazon with fast shipping and customer support","Buy BERIBES Bluetooth Headphones Over Ear, 65H Playtime and 6 EQ Music Modes Wireless Headphones with Microphone, HiFi Stereo Foldable Lightweight Headsets, Deep Bass for Home Office Cellphone PC Ect. from Amazon at competitive prices",4.5,130,Amazon,Amazon,https://www.amazon.com/BERIBES-Bluetooth-Headphones-Microphone-Lightweight/dp/B09LYF2ST7/ref=sr_1_3?dib=eyJ2IjoiMSJ9.k9JWCEN5R4K9gPt8Ce6djYqNjPJi1lndVjj5MbYbKq6h7n_ftxRGEpNt_A9RgzU6X14ix3jHniPyyR5P8Ogt8EDw-efUU92vltFQGGog9eheQ3Xv0PbR0ZwJgnKkheK-qhgLjklEoKk2Nq2Pi8TCocrf8zqBtQ23Sft8T6HknBHwuYza0FsMTO6YJu1GfNAXog5lOy6W2aZvV59FP9WoT57_vfqaSHI6w43piqWLbiQ.1bDX5amec66_MT8yA4cDWaOGqsAX9NJj1-KK437fCug&dib_tag=se&keywords=headphones&qid=1756498094&sr=8-3,amazon_headphones_3,2025-08-30T01:08:16.193744,"BERIBES Bluetooth Headphones Over Ear, 65H Playtime and 6 EQ Music Modes Wireless Headphones with Microphone, HiFi Stereo Foldable Lightweight Headsets, Deep Bass for Home Office Cellphone PC Ect.","[{'storage': '64GB', 'price': 143.74, 'stock': 15, 'sku': 'STORAGE-64GB'}, {'storage': '128GB', 'price': 145.12, 'stock': 17, 'sku': 'STORAGE-128GB'}, {'storage': '256GB', 'price': 145.12, 'stock': 21, 'sku': 'STORAGE-256GB'}]"
"Soundcore Anker Life Q20 Hybrid Active Noise Cancelling Headphones, Wireless Over Ear Bluetooth Headphones, 60H Playtime, Hi-Res Audio, Deep Bass, Foam Ear Cups, Travel, Office, USB-C Charging",Single Product,37.51,46.89,AMZ-HEA-0004,In Stock,32,0.0,%,['https://m.media-amazon.com/images/I/61OHplw85eL._AC_UY218_.jpg'],[],Electronics,Audio,24 hr(s),0.0,0.0,0.0,0.0,"Quality Soundcore Anker Life Q20 Hybrid Active Noise Cancelling Headphones, Wireless Over Ear Bluetooth Headphones, 60H Playtime, Hi-Res Audio, Deep Bass, Foam Ear Cups, Travel, Office, USB-C Charging from Amazon with fast shipping and customer support","Buy Soundcore Anker Life Q20 Hybrid Active Noise Cancelling Headphones, Wireless Over Ear Bluetooth Headphones, 60H Playtime, Hi-Res Audio, Deep Bass, Foam Ear Cups, Travel, Office, USB-C Charging from Amazon at competitive prices",4.5,89850,Amazon,Amazon,https://www.amazon.com/Soundcore-Cancelling-Headphones-Wireless-Bluetooth/dp/B0DLKB5V35/ref=sr_1_4?dib=eyJ2IjoiMSJ9.k9JWCEN5R4K9gPt8Ce6djYqNjPJi1lndVjj5MbYbKq6h7n_ftxRGEpNt_A9RgzU6X14ix3jHniPyyR5P8Ogt8EDw-efUU92vltFQGGog9eheQ3Xv0PbR0ZwJgnKkheK-qhgLjklEoKk2Nq2Pi8TCocrf8zqBtQ23Sft8T6HknBHwuYza0FsMTO6YJu1GfNAXog5lOy6W2aZvV59FP9WoT57_vfqaSHI6w43piqWLbiQ.1bDX5amec66_MT8yA4cDWaOGqsAX9NJj1-KK437fCug&dib_tag=se&keywords=headphones&qid=1756498094&sr=8-4,amazon_headphones_4,2025-08-30T01:08:21.589384,"Soundcore Anker Life Q20 Hybrid Active Noise Cancelling Headphones, Wireless Over Ear Bluetooth Headphones, 60H Playtime, Hi-Res Audio, Deep Bass, Foam Ear Cups, Travel, Office, USB-C Charging","[{'storage': '64GB', 'price': 97.48, 'stock': 11, 'sku': 'STORAGE-64GB'}, {'storage': '128GB', 'price': 98.42, 'stock': 25, 'sku': 'STORAGE-128GB'}, {'storage': '256GB', 'price': 98.42, 'stock': 5, 'sku': 'STORAGE-256GB'}]"
"Sony WH-CH520 Wireless Headphones Bluetooth On-Ear Headset with Microphone and up to 50 Hours Battery Life with Quick Charging, Black",Single Product,416.0,520.0,AMZ-HEA-0005,In Stock,74,0.0,%,['https://m.media-amazon.com/images/I/41lArSiD5hL._AC_UY218_.jpg'],[],Electronics,Smartphones,24 hr(s),0.0,0.0,0.0,0.0,"Quality Sony WH-CH520 Wireless Headphones Bluetooth On-Ear Headset with Microphone and up to 50 Hours Battery Life with Quick Charging, Black from Amazon with fast shipping and customer support","Buy Sony WH-CH520 Wireless Headphones Bluetooth On-Ear Headset with Microphone and up to 50 Hours Battery Life with Quick Charging, Black from Amazon at competitive prices",4.5,23894,Amazon,Amazon,https://www.amazon.com/Sony-WH-CH520-Headphones-Bluetooth-Microphone/dp/B0BS1PRC4L/ref=sr_1_5?dib=eyJ2IjoiMSJ9.k9JWCEN5R4K9gPt8Ce6djYqNjPJi1lndVjj5MbYbKq6h7n_ftxRGEpNt_A9RgzU6X14ix3jHniPyyR5P8Ogt8EDw-efUU92vltFQGGog9eheQ3Xv0PbR0ZwJgnKkheK-qhgLjklEoKk2Nq2Pi8TCocrf8zqBtQ23Sft8T6HknBHwuYza0FsMTO6YJu1GfNAXog5lOy6W2aZvV59FP9WoT57_vfqaSHI6w43piqWLbiQ.1bDX5amec66_MT8yA4cDWaOGqsAX9NJj1-KK437fCug&dib_tag=se&keywords=headphones&qid=1756498094&sr=8-5,amazon_headphones_5,2025-08-30T01:08:27.580598,"Sony WH-CH520 Wireless Headphones Bluetooth On-Ear Headset with Microphone and up to 50 Hours Battery Life with Quick Charging, Black","[{'storage': '64GB', 'price': 132.55, 'stock': 21, 'sku': 'STORAGE-64GB'}, {'storage': '128GB', 'price': 133.83, 'stock': 13, 'sku': 'STORAGE-128GB'}, {'storage': '256GB', 'price': 133.83, 'stock': 7, 'sku': 'STORAGE-256GB'}]"
"Sony WH-CH720N Noise Canceling Wireless Headphones Bluetooth Over The Ear Headset with Microphone and Alexa Built-in, Black New",Single Product,576.0,720.0,AMZ-HEA-0006,In Stock,56,0.0,%,['https://m.media-amazon.com/images/I/51rpbVmi9XL._AC_UY218_.jpg'],[],Electronics,Smartphones,24 hr(s),0.0,0.0,0.0,0.0,"Quality Sony WH-CH720N Noise Canceling Wireless Headphones Bluetooth Over The Ear Headset with Microphone and Alexa Built-in, Black New from Amazon with fast shipping and customer support","Buy Sony WH-CH720N Noise Canceling Wireless Headphones Bluetooth Over The Ear Headset with Microphone and Alexa Built-in, Black New from Amazon at competitive prices",4.4,11835,Amazon,Amazon,https://www.amazon.com/Sony-WH-CH720N-Canceling-Headphones-Microphone/dp/B0BS1QCFHX/ref=sr_1_6?dib=eyJ2IjoiMSJ9.k9JWCEN5R4K9gPt8Ce6djYqNjPJi1lndVjj5MbYbKq6h7n_ftxRGEpNt_A9RgzU6X14ix3jHniPyyR5P8Ogt8EDw-efUU92vltFQGGog9eheQ3Xv0PbR0ZwJgnKkheK-qhgLjklEoKk2Nq2Pi8TCocrf8zqBtQ23Sft8T6HknBHwuYza0FsMTO6YJu1GfNAXog5lOy6W2aZvV59FP9WoT57_vfqaSHI6w43piqWLbiQ.1bDX5amec66_MT8yA4cDWaOGqsAX9NJj1-KK437fCug&dib_tag=se&keywords=headphones&qid=1756498094&sr=8-6,amazon_headphones_6,2025-08-30T01:08:32.316791,"Sony WH-CH720N Noise Canceling Wireless Headphones Bluetooth Over The Ear Headset with Microphone and Alexa Built-in, Black New","[{'storage': '64GB', 'price': 193.05, 'stock': 11, 'sku': 'STORAGE-64GB'}, {'storage': '128GB', 'price': 194.91, 'stock': 18, 'sku': 'STORAGE-128GB'}, {'storage': '256GB', 'price': 194.91, 'stock': 16, 'sku': 'STORAGE-256GB'}]"
"Sony WH-1000XM4 Wireless Premium Noise Canceling Overhead Headphones with Mic for Phone-Call and Alexa Voice Control, Midnight Blue WH1000XM4",Single Product,135.96,169.95,AMZ-HEA-0008,In Stock,50,0.0,%,['https://m.media-amazon.com/images/I/61AQDfwqfqL._AC_UY218_.jpg'],[],Electronics,Smartphones,24 hr(s),0.0,0.0,0.0,0.0,"Quality Sony WH-1000XM4 Wireless Premium Noise Canceling Overhead Headphones with Mic for Phone-Call and Alexa Voice Control, Midnight Blue WH1000XM4 from Amazon with fast shipping and customer support","Buy Sony WH-1000XM4 Wireless Premium Noise Canceling Overhead Headphones with Mic for Phone-Call and Alexa Voice Control, Midnight Blue WH1000XM4 from Amazon at competitive prices",4.6,60777,Amazon,Amazon,https://www.amazon.com/Sony-WH-1000XM4-Canceling-Headphones-Phone-Call/dp/B08MVGF24M/ref=sr_1_8?dib=eyJ2IjoiMSJ9.k9JWCEN5R4K9gPt8Ce6djYqNjPJi1lndVjj5MbYbKq6h7n_ftxRGEpNt_A9RgzU6X14ix3jHniPyyR5P8Ogt8EDw-efUU92vltFQGGog9eheQ3Xv0PbR0ZwJgnKkheK-qhgLjklEoKk2Nq2Pi8TCocrf8zqBtQ23Sft8T6HknBHwuYza0FsMTO6YJu1GfNAXog5lOy6W2aZvV59FP9WoT57_vfqaSHI6w43piqWLbiQ.1bDX5amec66_MT8yA4cDWaOGqsAX9NJj1-KK437fCug&dib_tag=se&keywords=headphones&qid=1756498094&sr=8-8,amazon_headphones_8,2025-08-30T01:08:36.273788,"Sony WH-1000XM4 Wireless Premium Noise Canceling Overhead Headphones with Mic for Phone-Call and Alexa Voice Control, Midnight Blue WH1000XM4","[{'storage': '64GB', 'price': 113.12, 'stock': 8, 'sku': 'STORAGE-64GB'}, {'storage': '128GB', 'price': 114.21, 'stock': 23, 'sku': 'STORAGE-128GB'}, {'storage': '256GB', 'price': 114.21, 'stock': 20, 'sku': 'STORAGE-256GB'}]"
"ZIUTY Wireless Earbuds Bluetooth Headphones, 50H Playtime Ear Buds with Mic, LED Digital Display Charging Case, IPX7 Waterproof, Deep Bass Stereo, in-Ear Earphone for iPhone Andriod Phone",Single Product,12.8,16.0,AMZ-HEA-0009,In Stock,16,0.0,%,['https://m.media-amazon.com/images/I/618hH1r87xL._AC_UY218_.jpg'],[],Electronics,Smartphones,24 hr(s),0.0,0.0,0.0,0.0,"Quality ZIUTY Wireless Earbuds Bluetooth Headphones, 50H Playtime Ear Buds with Mic, LED Digital Display Charging Case, IPX7 Waterproof, Deep Bass Stereo, in-Ear Earphone for iPhone Andriod Phone from Amazon with fast shipping and customer support","Buy ZIUTY Wireless Earbuds Bluetooth Headphones, 50H Playtime Ear Buds with Mic, LED Digital Display Charging Case, IPX7 Waterproof, Deep Bass Stereo, in-Ear Earphone for iPhone Andriod Phone from Amazon at competitive prices",4.8,1256,Amazon,Amazon,https://www.amazon.com/ZIUTY-Wireless-Bluetooth-Headphones-Waterproof/dp/B0F8BLGGD5/ref=sr_1_9?dib=eyJ2IjoiMSJ9.k9JWCEN5R4K9gPt8Ce6djYqNjPJi1lndVjj5MbYbKq6h7n_ftxRGEpNt_A9RgzU6X14ix3jHniPyyR5P8Ogt8EDw-efUU92vltFQGGog9eheQ3Xv0PbR0ZwJgnKkheK-qhgLjklEoKk2Nq2Pi8TCocrf8zqBtQ23Sft8T6HknBHwuYza0FsMTO6YJu1GfNAXog5lOy6W2aZvV59FP9WoT57_vfqaSHI6w43piqWLbiQ.1bDX5amec66_MT8yA4cDWaOGqsAX9NJj1-KK437fCug&dib_tag=se&keywords=headphones&qid=1756498094&sr=8-9,amazon_headphones_9,2025-08-30T01:08:43.087946,"ZIUTY Wireless Earbuds Bluetooth Headphones, 50H Playtime Ear Buds with Mic, LED Digital Display Charging Case, IPX7 Waterproof, Deep Bass Stereo, in-Ear Earphone for iPhone Andriod Phone","[{'storage': '64GB', 'price': 157.11, 'stock': 25, 'sku': 'STORAGE-64GB'}, {'storage': '128GB', 'price': 158.62, 'stock': 20, 'sku': 'STORAGE-128GB'}, {'storage': '256GB', 'price': 158.62, 'stock': 16, 'sku': 'STORAGE-256GB'}]"
"JBL Tune 510BT - Bluetooth headphones with up to 40 hours battery, microphone for call, foldable and comfortable, Android and iOs compatible (Rose)",Single Product,23.96,29.95,AMZ-HEA-0010,In Stock,85,0.0,%,['https://m.media-amazon.com/images/I/51Dd8aGSW0L._AC_UY218_.jpg'],[],Electronics,Smartphones,24 hr(s),0.0,0.0,0.0,0.0,"Quality JBL Tune 510BT - Bluetooth headphones with up to 40 hours battery, microphone for call, foldable and comfortable, Android and iOs compatible (Rose) from Amazon with fast shipping and customer support","Buy JBL Tune 510BT - Bluetooth headphones with up to 40 hours battery, microphone for call, foldable and comfortable, Android and iOs compatible (Rose) from Amazon at competitive prices",4.5,82012,Amazon,Amazon,https://www.amazon.com/JBL-Tune-510BT-Ear-Headphones/dp/B092CP8ZH4/ref=sr_1_10?dib=eyJ2IjoiMSJ9.k9JWCEN5R4K9gPt8Ce6djYqNjPJi1lndVjj5MbYbKq6h7n_ftxRGEpNt_A9RgzU6X14ix3jHniPyyR5P8Ogt8EDw-efUU92vltFQGGog9eheQ3Xv0PbR0ZwJgnKkheK-qhgLjklEoKk2Nq2Pi8TCocrf8zqBtQ23Sft8T6HknBHwuYza0FsMTO6YJu1GfNAXog5lOy6W2aZvV59FP9WoT57_vfqaSHI6w43piqWLbiQ.1bDX5amec66_MT8yA4cDWaOGqsAX9NJj1-KK437fCug&dib_tag=se&keywords=headphones&qid=1756498094&sr=8-10,amazon_headphones_10,2025-08-30T01:08:47.697718,"JBL Tune 510BT - Bluetooth headphones with up to 40 hours battery, microphone for call, foldable and comfortable, Android and iOs compatible (Rose)","[{'storage': '64GB', 'price': 180.58, 'stock': 8, 'sku': 'STORAGE-64GB'}, {'storage': '128GB', 'price': 182.32, 'stock': 21, 'sku': 'STORAGE-128GB'}, {'storage': '256GB', 'price': 182.32, 'stock': 11, 'sku': 'STORAGE-256GB'}]"
"Bose QuietComfort Bluetooth Headphones, Wireless Headphones with Active Over Ear Noise Cancelling and Mic, Deep Bass, Up to 24 Hours of Playtime, Blue Dusk - Limited Edition Color",Single Product,183.2,229.0,AMZ-HEA-0011,In Stock,50,0.0,%,['https://m.media-amazon.com/images/I/61V2OO10-wL._AC_UY218_.jpg'],[],Electronics,Smartphones,24 hr(s),0.0,0.0,0.0,0.0,"Quality Bose QuietComfort Bluetooth Headphones, Wireless Headphones with Active Over Ear Noise Cancelling and Mic, Deep Bass, Up to 24 Hours of Playtime, Blue Dusk - Limited Edition Color from Amazon with fast shipping and customer support","Buy Bose QuietComfort Bluetooth Headphones, Wireless Headphones with Active Over Ear Noise Cancelling and Mic, Deep Bass, Up to 24 Hours of Playtime, Blue Dusk - Limited Edition Color from Amazon at competitive prices",4.6,13130,Amazon,Amazon,https://www.amazon.com/Bose-QuietComfort-Bluetooth-Headphones-Cancelling/dp/B0D4Z9BZV2/ref=sr_1_11?dib=eyJ2IjoiMSJ9.k9JWCEN5R4K9gPt8Ce6djYqNjPJi1lndVjj5MbYbKq6h7n_ftxRGEpNt_A9RgzU6X14ix3jHniPyyR5P8Ogt8EDw-efUU92vltFQGGog9eheQ3Xv0PbR0ZwJgnKkheK-qhgLjklEoKk2Nq2Pi8TCocrf8zqBtQ23Sft8T6HknBHwuYza0FsMTO6YJu1GfNAXog5lOy6W2aZvV59FP9WoT57_vfqaSHI6w43piqWLbiQ.1bDX5amec66_MT8yA4cDWaOGqsAX9NJj1-KK437fCug&dib_tag=se&keywords=headphones&qid=1756498094&sr=8-11,amazon_headphones_11,2025-08-30T01:08:52.377980,"Bose QuietComfort Bluetooth Headphones, Wireless Headphones with Active Over Ear Noise Cancelling and Mic, Deep Bass, Up to 24 Hours of Playtime, Blue Dusk - Limited Edition Color","[{'storage': '64GB', 'price': 104.4, 'stock': 18, 'sku': 'STORAGE-64GB'}, {'storage': '128GB', 'price': 105.4, 'stock': 23, 'sku': 'STORAGE-128GB'}, {'storage': '256GB', 'price': 105.4, 'stock': 8, 'sku': 'STORAGE-256GB'}]"
"Beats Studio Pro - Wireless Bluetooth Noise Cancelling Headphones - Personalized Spatial Audio, USB-C Lossless Audio, Apple  Android Compatibility, Up to 40 Hours Battery Life - Sandstone",Single Product,149.12,186.4,AMZ-HEA-0013,In Stock,46,0.0,%,['https://m.media-amazon.com/images/I/51t0IE0zjaL._AC_UY218_.jpg'],[],Electronics,Audio,24 hr(s),0.0,0.0,0.0,0.0,"Quality Beats Studio Pro - Wireless Bluetooth Noise Cancelling Headphones - Personalized Spatial Audio, USB-C Lossless Audio, Apple  Android Compatibility, Up to 40 Hours Battery Life - Sandstone from Amazon with fast shipping and customer support","Buy Beats Studio Pro - Wireless Bluetooth Noise Cancelling Headphones - Personalized Spatial Audio, USB-C Lossless Audio, Apple  Android Compatibility, Up to 40 Hours Battery Life - Sandstone from Amazon at competitive prices",4.5,22460,Amazon,Amazon,https://www.amazon.com/Beats-Studio-Pro-Personalized-Compatibility/dp/B0C8PSMPTH/ref=sr_1_13?dib=eyJ2IjoiMSJ9.k9JWCEN5R4K9gPt8Ce6djYqNjPJi1lndVjj5MbYbKq6h7n_ftxRGEpNt_A9RgzU6X14ix3jHniPyyR5P8Ogt8EDw-efUU92vltFQGGog9eheQ3Xv0PbR0ZwJgnKkheK-qhgLjklEoKk2Nq2Pi8TCocrf8zqBtQ23Sft8T6HknBHwuYza0FsMTO6YJu1GfNAXog5lOy6W2aZvV59FP9WoT57_vfqaSHI6w43piqWLbiQ.1bDX5amec66_MT8yA4cDWaOGqsAX9NJj1-KK437fCug&dib_tag=se&keywords=headphones&qid=1756498094&sr=8-13,amazon_headphones_13,2025-08-30T01:08:58.003010,"Beats Studio Pro - Wireless Bluetooth Noise Cancelling Headphones - Personalized Spatial Audio, USB-C Lossless Audio, Apple  Android Compatibility, Up to 40 Hours Battery Life - Sandstone","[{'storage': '64GB', 'price': 39.24, 'stock': 18, 'sku': 'STORAGE-64GB'}, {'storage': '128GB', 'price': 39.62, 'stock': 10, 'sku': 'STORAGE-128GB'}, {'storage': '256GB', 'price': 39.62, 'stock': 15, 'sku': 'STORAGE-256GB'}]"
"Sony WH-1000XM5 Premium Noise Canceling Headphones, Auto NC Optimizer, 30-Hour Battery, Alexa Voice Control, Midnight Blue",Single Product,154.43,193.04,AMZ-HEA-0014,In Stock,82,0.0,%,['https://m.media-amazon.com/images/I/61eeHPRFQ9L._AC_UY218_.jpg'],[],Electronics,Smartphones,24 hr(s),0.0,0.0,0.0,0.0,"Quality Sony WH-1000XM5 Premium Noise Canceling Headphones, Auto NC Optimizer, 30-Hour Battery, Alexa Voice Control, Midnight Blue from Amazon with fast shipping and customer support","Buy Sony WH-1000XM5 Premium Noise Canceling Headphones, Auto NC Optimizer, 30-Hour Battery, Alexa Voice Control, Midnight Blue from Amazon at competitive prices",4.3,17864,Amazon,Amazon,https://www.amazon.com/Sony-WH-1000XM5-Headphones-Hands-Free-WH1000XM5/dp/B0BXYCS74H/ref=sr_1_14?dib=eyJ2IjoiMSJ9.k9JWCEN5R4K9gPt8Ce6djYqNjPJi1lndVjj5MbYbKq6h7n_ftxRGEpNt_A9RgzU6X14ix3jHniPyyR5P8Ogt8EDw-efUU92vltFQGGog9eheQ3Xv0PbR0ZwJgnKkheK-qhgLjklEoKk2Nq2Pi8TCocrf8zqBtQ23Sft8T6HknBHwuYza0FsMTO6YJu1GfNAXog5lOy6W2aZvV59FP9WoT57_vfqaSHI6w43piqWLbiQ.1bDX5amec66_MT8yA4cDWaOGqsAX9NJj1-KK437fCug&dib_tag=se&keywords=headphones&qid=1756498094&sr=8-14,amazon_headphones_14,2025-08-30T01:09:06.042156,"Sony WH-1000XM5 Premium Noise Canceling Headphones, Auto NC Optimizer, 30-Hour Battery, Alexa Voice Control, Midnight Blue","[{'storage': '64GB', 'price': 179.25, 'stock': 23, 'sku': 'STORAGE-64GB'}, {'storage': '128GB', 'price': 180.97, 'stock': 6, 'sku': 'STORAGE-128GB'}, {'storage': '256GB', 'price': 180.97, 'stock': 22, 'sku': 'STORAGE-256GB'}]"
"NDO Wireless Earbuds Bluetooth 5.3 Headphones Sport,IPX7 Waterproof Sports Earphones with Earhooks,48H Playtime,Lightweight 7.8g,Fast Charging Case,Noise Cancelling Mic for Running Gym Workout-Black",Single Product,17.6,22.0,AMZ-HEA-0015,In Stock,61,0.0,%,['https://m.media-amazon.com/images/I/618l7TKQtAL._AC_UY218_.jpg'],[],Electronics,Smartphones,24 hr(s),0.0,0.0,0.0,0.0,"Quality NDO Wireless Earbuds Bluetooth 5.3 Headphones Sport,IPX7 Waterproof Sports Earphones with Earhooks,48H Playtime,Lightweight 7.8g,Fast Charging Case,Noise Cancelling Mic for Running Gym Workout-Black from Amazon with fast shipping and customer support","Buy NDO Wireless Earbuds Bluetooth 5.3 Headphones Sport,IPX7 Waterproof Sports Earphones with Earhooks,48H Playtime,Lightweight 7.8g,Fast Charging Case,Noise Cancelling Mic for Running Gym Workout-Black from Amazon at competitive prices",4.4,3073,Amazon,Amazon,https://www.amazon.com/NDO-Headphones-Waterproof-Lightweight-Workout-Black/dp/B0F6BFFXN8/ref=sr_1_15?dib=eyJ2IjoiMSJ9.k9JWCEN5R4K9gPt8Ce6djYqNjPJi1lndVjj5MbYbKq6h7n_ftxRGEpNt_A9RgzU6X14ix3jHniPyyR5P8Ogt8EDw-efUU92vltFQGGog9eheQ3Xv0PbR0ZwJgnKkheK-qhgLjklEoKk2Nq2Pi8TCocrf8zqBtQ23Sft8T6HknBHwuYza0FsMTO6YJu1GfNAXog5lOy6W2aZvV59FP9WoT57_vfqaSHI6w43piqWLbiQ.1bDX5amec66_MT8yA4cDWaOGqsAX9NJj1-KK437fCug&dib_tag=se&keywords=headphones&qid=1756498094&sr=8-15,amazon_headphones_15,2025-08-30T01:09:10.399710,"NDO Wireless Earbuds Bluetooth 5.3 Headphones Sport,IPX7 Waterproof Sports Earphones with Earhooks,48H Playtime,Lightweight 7.8g,Fast Charging Case,Noise Cancelling Mic for Running Gym Workout-Black","[{'storage': '64GB', 'price': 140.51, 'stock': 21, 'sku': 'STORAGE-64GB'}, {'storage': '128GB', 'price': 141.86, 'stock': 6, 'sku': 'STORAGE-128GB'}, {'storage': '256GB', 'price': 141.86, 'stock': 25, 'sku': 'STORAGE-256GB'}]"
"Kids Headphones for School, 8594 dB Volume Limit, Wired Over Ear Headphones for Kids Boys Girls with Microphone, Foldable Stereo Sound 3.5mm Wired Cord for Kindle Tablet Airplane Travel, Blue",Single Product,8.8,11.0,AMZ-HEA-0016,In Stock,49,0.0,%,['https://m.media-amazon.com/images/I/71lujacH6WL._AC_UY218_.jpg'],[],Electronics,Smartphones,24 hr(s),0.0,0.0,0.0,0.0,"Quality Kids Headphones for School, 8594 dB Volume Limit, Wired Over Ear Headphones for Kids Boys Girls with Microphone, Foldable Stereo Sound 3.5mm Wired Cord for Kindle Tablet Airplane Travel, Blue from Amazon with fast shipping and customer support","Buy Kids Headphones for School, 8594 dB Volume Limit, Wired Over Ear Headphones for Kids Boys Girls with Microphone, Foldable Stereo Sound 3.5mm Wired Cord for Kindle Tablet Airplane Travel, Blue from Amazon at competitive prices",4.6,598,Amazon,Amazon,https://www.amazon.com/Headphones-School-Microphone-Sound-Airplane/dp/B0DPKL5Q4V/ref=sr_1_16?dib=eyJ2IjoiMSJ9.k9JWCEN5R4K9gPt8Ce6djYqNjPJi1lndVjj5MbYbKq6h7n_ftxRGEpNt_A9RgzU6X14ix3jHniPyyR5P8Ogt8EDw-efUU92vltFQGGog9eheQ3Xv0PbR0ZwJgnKkheK-qhgLjklEoKk2Nq2Pi8TCocrf8zqBtQ23Sft8T6HknBHwuYza0FsMTO6YJu1GfNAXog5lOy6W2aZvV59FP9WoT57_vfqaSHI6w43piqWLbiQ.1bDX5amec66_MT8yA4cDWaOGqsAX9NJj1-KK437fCug&dib_tag=se&keywords=headphones&qid=1756498094&sr=8-16,amazon_headphones_16,2025-08-30T01:09:14.545292,"Kids Headphones for School, 8594 dB Volume Limit, Wired Over Ear Headphones for Kids Boys Girls with Microphone, Foldable Stereo Sound 3.5mm Wired Cord for Kindle Tablet Airplane Travel, Blue","[{'storage': '64GB', 'price': 33.43, 'stock': 16, 'sku': 'STORAGE-64GB'}, {'storage': '128GB', 'price': 33.75, 'stock': 18, 'sku': 'STORAGE-128GB'}, {'storage': '256GB', 'price': 33.75, 'stock': 19, 'sku': 'STORAGE-256GB'}]"
"LORELEI X6 Over-Ear Headphones with Microphone, Lightweight Foldable  Portable Stereo Bass Headphones with 1.45M No-Tangle, Wired Headphones for Smartphone Tablet MP3  4 (Space Black)",Single Product,12.0,15.0,AMZ-HEA-0017,In Stock,63,0.0,%,['https://m.media-amazon.com/images/I/61+tA0bjw5L._AC_UY218_.jpg'],[],Electronics,Smartphones,24 hr(s),0.0,0.0,0.0,0.0,"Quality LORELEI X6 Over-Ear Headphones with Microphone, Lightweight Foldable  Portable Stereo Bass Headphones with 1.45M No-Tangle, Wired Headphones for Smartphone Tablet MP3  4 (Space Black) from Amazon with fast shipping and customer support","Buy LORELEI X6 Over-Ear Headphones with Microphone, Lightweight Foldable  Portable Stereo Bass Headphones with 1.45M No-Tangle, Wired Headphones for Smartphone Tablet MP3  4 (Space Black) from Amazon at competitive prices",4.3,15844,Amazon,Amazon,https://www.amazon.com/sspa/click?ie=UTF8&spc=MTo3NjQzODE1MTIzMDAyNTM6MTc1NjQ5ODA5NDpzcF9tdGY6MjAwMDQ0NjUxNDYwMTk4OjowOjo&url=%2FLORELEI-X6-Headphones-Microphone-Lightweight%2Fdp%2FB083P1HG9S%2Fref%3Dsr_1_17_sspa%3Fdib%3DeyJ2IjoiMSJ9.k9JWCEN5R4K9gPt8Ce6djYqNjPJi1lndVjj5MbYbKq6h7n_ftxRGEpNt_A9RgzU6X14ix3jHniPyyR5P8Ogt8EDw-efUU92vltFQGGog9eheQ3Xv0PbR0ZwJgnKkheK-qhgLjklEoKk2Nq2Pi8TCocrf8zqBtQ23Sft8T6HknBHwuYza0FsMTO6YJu1GfNAXog5lOy6W2aZvV59FP9WoT57_vfqaSHI6w43piqWLbiQ.1bDX5amec66_MT8yA4cDWaOGqsAX9NJj1-KK437fCug%26dib_tag%3Dse%26keywords%3Dheadphones%26qid%3D1756498094%26sr%3D8-17-spons%26sp_csd%3Dd2lkZ2V0TmFtZT1zcF9tdGY%26psc%3D1,amazon_headphones_17,2025-08-30T01:09:20.181838,"LORELEI X6 Over-Ear Headphones with Microphone, Lightweight Foldable  Portable Stereo Bass Headphones with 1.45M No-Tangle, Wired Headphones for Smartphone Tablet MP3  4 (Space Black)","[{'storage': '64GB', 'price': 193.57, 'stock': 9, 'sku': 'STORAGE-64GB'}, {'storage': '128GB', 'price': 195.43, 'stock': 15, 'sku': 'STORAGE-128GB'}, {'storage': '256GB', 'price': 195.43, 'stock': 18, 'sku': 'STORAGE-256GB'}]"
"TOZO A1 Wireless Earbuds Bluetooth 5.3 Light Weight in Ear IPX5 Waterproof Headphones 2 Mic for AI Calls, Immersive Premium Sound Bass Headset with Charging Case, 32 Presets EQ Customization via App",Single Product,9.6,12.0,AMZ-HEA-0018,In Stock,46,0.0,%,['https://m.media-amazon.com/images/I/71W3sbCbttL._AC_UY218_.jpg'],[],Electronics,Smartphones,24 hr(s),0.0,0.0,0.0,0.0,"Quality TOZO A1 Wireless Earbuds Bluetooth 5.3 Light Weight in Ear IPX5 Waterproof Headphones 2 Mic for AI Calls, Immersive Premium Sound Bass Headset with Charging Case, 32 Presets EQ Customization via App from Amazon with fast shipping and customer support","Buy TOZO A1 Wireless Earbuds Bluetooth 5.3 Light Weight in Ear IPX5 Waterproof Headphones 2 Mic for AI Calls, Immersive Premium Sound Bass Headset with Charging Case, 32 Presets EQ Customization via App from Amazon at competitive prices",4.3,103874,Amazon,Amazon,https://www.amazon.com/A1/dp/B09FT58QQP/ref=sr_1_18?dib=eyJ2IjoiMSJ9.k9JWCEN5R4K9gPt8Ce6djYqNjPJi1lndVjj5MbYbKq6h7n_ftxRGEpNt_A9RgzU6X14ix3jHniPyyR5P8Ogt8EDw-efUU92vltFQGGog9eheQ3Xv0PbR0ZwJgnKkheK-qhgLjklEoKk2Nq2Pi8TCocrf8zqBtQ23Sft8T6HknBHwuYza0FsMTO6YJu1GfNAXog5lOy6W2aZvV59FP9WoT57_vfqaSHI6w43piqWLbiQ.1bDX5amec66_MT8yA4cDWaOGqsAX9NJj1-KK437fCug&dib_tag=se&keywords=headphones&qid=1756498094&sr=8-18,amazon_headphones_18,2025-08-30T01:09:25.805621,"TOZO A1 Wireless Earbuds Bluetooth 5.3 Light Weight in Ear IPX5 Waterproof Headphones 2 Mic for AI Calls, Immersive Premium Sound Bass Headset with Charging Case, 32 Presets EQ Customization via App","[{'storage': '64GB', 'price': 201.77, 'stock': 9, 'sku': 'STORAGE-64GB'}, {'storage': '128GB', 'price': 203.71, 'stock': 9, 'sku': 'STORAGE-128GB'}, {'storage': '256GB', 'price': 203.71, 'stock': 5, 'sku': 'STORAGE-256GB'}]"
Sony MDR7506 Professional Large Diaphragm Headphone,Single Product,86.4,108.0,AMZ-HEA-0019,In Stock,96,0.0,%,['https://m.media-amazon.com/images/I/51F-Ok9xuzL._AC_UY218_.jpg'],[],Electronics,Smartphones,24 hr(s),0.0,0.0,0.0,0.0,Quality Sony MDR7506 Professional Large Diaphragm Headphone from Amazon with fast shipping and customer support,Buy Sony MDR7506 Professional Large Diaphragm Headphone from Amazon at competitive prices,4.7,26917,Amazon,Amazon,https://www.amazon.com/Sony-MDR7506-Professional-Diaphragm-Headphone/dp/B000AJIF4E/ref=sr_1_19?dib=eyJ2IjoiMSJ9.k9JWCEN5R4K9gPt8Ce6djYqNjPJi1lndVjj5MbYbKq6h7n_ftxRGEpNt_A9RgzU6X14ix3jHniPyyR5P8Ogt8EDw-efUU92vltFQGGog9eheQ3Xv0PbR0ZwJgnKkheK-qhgLjklEoKk2Nq2Pi8TCocrf8zqBtQ23Sft8T6HknBHwuYza0FsMTO6YJu1GfNAXog5lOy6W2aZvV59FP9WoT57_vfqaSHI6w43piqWLbiQ.1bDX5amec66_MT8yA4cDWaOGqsAX9NJj1-KK437fCug&dib_tag=se&keywords=headphones&qid=1756498094&sr=8-19,amazon_headphones_19,2025-08-30T01:09:32.529708,Sony MDR7506 Professional Large Diaphragm Headphone,"[{'storage': '64GB', 'price': 156.46, 'stock': 21, 'sku': 'STORAGE-64GB'}, {'storage': '128GB', 'price': 157.96, 'stock': 21, 'sku': 'STORAGE-128GB'}, {'storage': '256GB', 'price': 157.96, 'stock': 23, 'sku': 'STORAGE-256GB'}]"
"Soundcore by Anker, Space One, Active Noise Cancelling Headphones, 2X Stronger Voice Reduction, 40H ANC Playtime, App Control, LDAC Hi-Res Wireless Audio, Comfortable Fit, Clear Calls, Bluetooth 5.3",Single Product,63.2,79.0,AMZ-HEA-0020,In Stock,66,0.0,%,['https://m.media-amazon.com/images/I/51+xFDM2H2L._AC_UY218_.jpg'],[],Electronics,Audio,24 hr(s),0.0,0.0,0.0,0.0,"Quality Soundcore by Anker, Space One, Active Noise Cancelling Headphones, 2X Stronger Voice Reduction, 40H ANC Playtime, App Control, LDAC Hi-Res Wireless Audio, Comfortable Fit, Clear Calls, Bluetooth 5.3 from Amazon with fast shipping and customer support","Buy Soundcore by Anker, Space One, Active Noise Cancelling Headphones, 2X Stronger Voice Reduction, 40H ANC Playtime, App Control, LDAC Hi-Res Wireless Audio, Comfortable Fit, Clear Calls, Bluetooth 5.3 from Amazon at competitive prices",4.4,10300,Amazon,Amazon,https://www.amazon.com/Soundcore-Cancelling-Headphones-Reduction-Comfortable/dp/B0C6KFZC9Z/ref=sr_1_20?dib=eyJ2IjoiMSJ9.k9JWCEN5R4K9gPt8Ce6djYqNjPJi1lndVjj5MbYbKq6h7n_ftxRGEpNt_A9RgzU6X14ix3jHniPyyR5P8Ogt8EDw-efUU92vltFQGGog9eheQ3Xv0PbR0ZwJgnKkheK-qhgLjklEoKk2Nq2Pi8TCocrf8zqBtQ23Sft8T6HknBHwuYza0FsMTO6YJu1GfNAXog5lOy6W2aZvV59FP9WoT57_vfqaSHI6w43piqWLbiQ.1bDX5amec66_MT8yA4cDWaOGqsAX9NJj1-KK437fCug&dib_tag=se&keywords=headphones&qid=1756498094&sr=8-20,amazon_headphones_20,2025-08-30T01:09:37.303524,"Soundcore by Anker, Space One, Active Noise Cancelling Headphones, 2X Stronger Voice Reduction, 40H ANC Playtime, App Control, LDAC Hi-Res Wireless Audio, Comfortable Fit, Clear Calls, Bluetooth 5.3","[{'storage': '64GB', 'price': 178.31, 'stock': 24, 'sku': 'STORAGE-64GB'}, {'storage': '128GB', 'price': 180.03, 'stock': 25, 'sku': 'STORAGE-128GB'}, {'storage': '256GB', 'price': 180.03, 'stock': 24, 'sku': 'STORAGE-256GB'}]"
TAGRY Hybrid Active Noise Cancelling Headphones 100H Playtime Wireless Over Ear Bluetooth Headphone with Hi-Res Audio Fast Charging Comfort Earcups Headsets for Travel Home Office Phone PC Black,Single Product,39.2,49.0,AMZ-HEA-0021,In Stock,81,0.0,%,['https://m.media-amazon.com/images/I/71g4f-1vAhL._AC_UY218_.jpg'],[],Electronics,Audio,24 hr(s),0.0,0.0,0.0,0.0,Quality TAGRY Hybrid Active Noise Cancelling Headphones 100H Playtime Wireless Over Ear Bluetooth Headphone with Hi-Res Audio Fast Charging Comfort Earcups Headsets for Travel Home Office Phone PC Black from Amazon with fast shipping and customer support,Buy TAGRY Hybrid Active Noise Cancelling Headphones 100H Playtime Wireless Over Ear Bluetooth Headphone with Hi-Res Audio Fast Charging Comfort Earcups Headsets for Travel Home Office Phone PC Black from Amazon at competitive prices,4.2,33,Amazon,Amazon,https://www.amazon.com/TAGRY-Cancelling-Headphones-Bluetooth-Headphone/dp/B0FFCMHQSB/ref=sr_1_21?dib=eyJ2IjoiMSJ9.k9JWCEN5R4K9gPt8Ce6djYqNjPJi1lndVjj5MbYbKq6h7n_ftxRGEpNt_A9RgzU6X14ix3jHniPyyR5P8Ogt8EDw-efUU92vltFQGGog9eheQ3Xv0PbR0ZwJgnKkheK-qhgLjklEoKk2Nq2Pi8TCocrf8zqBtQ23Sft8T6HknBHwuYza0FsMTO6YJu1GfNAXog5lOy6W2aZvV59FP9WoT57_vfqaSHI6w43piqWLbiQ.1bDX5amec66_MT8yA4cDWaOGqsAX9NJj1-KK437fCug&dib_tag=se&keywords=headphones&qid=1756498094&sr=8-21,amazon_headphones_21,2025-08-30T01:09:41.045557,TAGRY Hybrid Active Noise Cancelling Headphones 100H Playtime Wireless Over Ear Bluetooth Headphone with Hi-Res Audio Fast Charging Comfort Earcups Headsets for Travel Home Office Phone PC Black,"[{'storage': '64GB', 'price': 115.61, 'stock': 11, 'sku': 'STORAGE-64GB'}, {'storage': '128GB', 'price': 116.73, 'stock': 16, 'sku': 'STORAGE-128GB'}, {'storage': '256GB', 'price': 116.73, 'stock': 22, 'sku': 'STORAGE-256GB'}]"
"LORELEI X8 Over-Ear Wired Headphones with Microphone with 1.45m-Tangle-Free Nylon Line3.5mm Plug,Lightweight Foldable  Portable Headphones for Smartphone,Tablet,Computer,Mp34(Dark Purple)",Single Product,12.0,15.0,AMZ-HEA-0022,In Stock,85,0.0,%,['https://m.media-amazon.com/images/I/71KbTAWLTNL._AC_UY218_.jpg'],[],Electronics,Smartphones,24 hr(s),0.0,0.0,0.0,0.0,"Quality LORELEI X8 Over-Ear Wired Headphones with Microphone with 1.45m-Tangle-Free Nylon Line3.5mm Plug,Lightweight Foldable  Portable Headphones for Smartphone,Tablet,Computer,Mp34(Dark Purple) from Amazon with fast shipping and customer support","Buy LORELEI X8 Over-Ear Wired Headphones with Microphone with 1.45m-Tangle-Free Nylon Line3.5mm Plug,Lightweight Foldable  Portable Headphones for Smartphone,Tablet,Computer,Mp34(Dark Purple) from Amazon at competitive prices",4.4,7878,Amazon,Amazon,https://www.amazon.com/sspa/click?ie=UTF8&spc=MTo3NjQzODE1MTIzMDAyNTM6MTc1NjQ5ODA5NDpzcF9idGY6MjAwMDc3Njk5NzcxNDk4OjowOjo&url=%2FLORELEI-X8-Headphones-1-45m-Tangle-Free-Lightweight%2Fdp%2FB08JCD23MJ%2Fref%3Dsr_1_22_sspa%3Fdib%3DeyJ2IjoiMSJ9.k9JWCEN5R4K9gPt8Ce6djYqNjPJi1lndVjj5MbYbKq6h7n_ftxRGEpNt_A9RgzU6X14ix3jHniPyyR5P8Ogt8EDw-efUU92vltFQGGog9eheQ3Xv0PbR0ZwJgnKkheK-qhgLjklEoKk2Nq2Pi8TCocrf8zqBtQ23Sft8T6HknBHwuYza0FsMTO6YJu1GfNAXog5lOy6W2aZvV59FP9WoT57_vfqaSHI6w43piqWLbiQ.1bDX5amec66_MT8yA4cDWaOGqsAX9NJj1-KK437fCug%26dib_tag%3Dse%26keywords%3Dheadphones%26qid%3D1756498094%26sr%3D8-22-spons%26sp_csd%3Dd2lkZ2V0TmFtZT1zcF9idGY%26psc%3D1,amazon_headphones_22,2025-08-30T01:09:46.001832,"LORELEI X8 Over-Ear Wired Headphones with Microphone with 1.45m-Tangle-Free Nylon Line3.5mm Plug,Lightweight Foldable  Portable Headphones for Smartphone,Tablet,Computer,Mp34(Dark Purple)","[{'storage': '64GB', 'price': 163.17, 'stock': 9, 'sku': 'STORAGE-64GB'}, {'storage': '128GB', 'price': 164.74, 'stock': 25, 'sku': 'STORAGE-128GB'}, {'storage': '256GB', 'price': 164.74, 'stock': 6, 'sku': 'STORAGE-256GB'}]"
Skechers Mens Hands Free Slip-ins Go Run Consistent 2.0 Empower Sneaker,Single Product,37.6,47.0,AMZ-SHO-0001,In Stock,75,0.0,%,['https://m.media-amazon.com/images/I/81hkQjdhFJL._AC_UL320_.jpg'],[],Electronics,General,24 hr(s),0.0,0.0,0.0,0.0,Quality Skechers Mens Hands Free Slip-ins Go Run Consistent 2.0 Empower Sneaker from Amazon with fast shipping and customer support,Buy Skechers Mens Hands Free Slip-ins Go Run Consistent 2.0 Empower Sneaker from Amazon at competitive prices,4.6,180,Amazon,Amazon,https://www.amazon.com/Skechers-Mens-Consistent-2-0-Empower-Sneaker/dp/B0CFN67NHF/ref=sr_1_1?dib=eyJ2IjoiMSJ9.ISOjS8ZNz1J8mmiQV_UNNL5wCYH_8PVruBhEACcywLmD7bsUf5zeRsso1J01YiNh6darZDOn12ey7SE-db82_yuVACpNViDZA-rCwje7BS_kjW9zWwHdjYYG9BC22u88xe3PiVsAd78URobYAe_3ZJDjBegtEBO6Hl-92DGG_AzvGnTOQfeOGWSaJ4HraFUMmwLxdtf1Kh2h1NutVq929Vm7rwW80ZYXzge-dM2XzJ-dAx7mSu3hxnupKU1XI3FFiwlvkVGHFG1Dg0w5oPGVtp5CsuDOEUWPurSDPGL5IcA.gm4r84Zx_wWqNUt29VXLI2AoPzxvV6-zgVplO_k7XqI&dib_tag=se&keywords=shoes&qid=1756498211&sr=8-1,amazon_shoes_1,2025-08-30T01:10:12.530388,Skechers Mens Hands Free Slip-ins Go Run Consistent 2.0 Empower Sneaker,[]
New Balance Mens 608 V5 Casual Comfort Cross Trainer,Single Product,49.6,62.0,AMZ-SHO-0002,In Stock,13,0.0,%,['https://m.media-amazon.com/images/I/61p6oqRqYQL._AC_UL320_.jpg'],[],Electronics,General,24 hr(s),0.0,0.0,0.0,0.0,Quality New Balance Mens 608 V5 Casual Comfort Cross Trainer from Amazon with fast shipping and customer support,Buy New Balance Mens 608 V5 Casual Comfort Cross Trainer from Amazon at competitive prices,4.6,84126,Amazon,Amazon,https://www.amazon.com/New-Balance-Casual-Comfort-Trainer/dp/B07B3SDXXL/ref=sr_1_2?dib=eyJ2IjoiMSJ9.ISOjS8ZNz1J8mmiQV_UNNL5wCYH_8PVruBhEACcywLmD7bsUf5zeRsso1J01YiNh6darZDOn12ey7SE-db82_yuVACpNViDZA-rCwje7BS_kjW9zWwHdjYYG9BC22u88xe3PiVsAd78URobYAe_3ZJDjBegtEBO6Hl-92DGG_AzvGnTOQfeOGWSaJ4HraFUMmwLxdtf1Kh2h1NutVq929Vm7rwW80ZYXzge-dM2XzJ-dAx7mSu3hxnupKU1XI3FFiwlvkVGHFG1Dg0w5oPGVtp5CsuDOEUWPurSDPGL5IcA.gm4r84Zx_wWqNUt29VXLI2AoPzxvV6-zgVplO_k7XqI&dib_tag=se&keywords=shoes&qid=1756498211&sr=8-2,amazon_shoes_2,2025-08-30T01:10:19.481756,New Balance Mens 608 V5 Casual Comfort Cross Trainer,[]
LARNMERN Mens Non Slip Work Shoes Slip On Water Resistant Walking Sneakers Zapatos Trabajo Waterproof Food Service Chef Kitchen,Single Product,33.6,42.0,AMZ-SHO-0003,In Stock,48,0.0,%,['https://m.media-amazon.com/images/I/71hCM0WRG4L._AC_UL320_.jpg'],[],Fashion,Shoes,24 hr(s),0.0,0.0,0.0,0.0,Quality LARNMERN Mens Non Slip Work Shoes Slip On Water Resistant Walking Sneakers Zapatos Trabajo Waterproof Food Service Chef Kitchen from Amazon with fast shipping and customer support,Buy LARNMERN Mens Non Slip Work Shoes Slip On Water Resistant Walking Sneakers Zapatos Trabajo Waterproof Food Service Chef Kitchen from Amazon at competitive prices,4.0,5966,Amazon,Amazon,https://www.amazon.com/LARNMERN-Sneakers-Resistant-Antideslizantes-Waterproof/dp/B0C73MZF8M/ref=sr_1_3?dib=eyJ2IjoiMSJ9.ISOjS8ZNz1J8mmiQV_UNNL5wCYH_8PVruBhEACcywLmD7bsUf5zeRsso1J01YiNh6darZDOn12ey7SE-db82_yuVACpNViDZA-rCwje7BS_kjW9zWwHdjYYG9BC22u88xe3PiVsAd78URobYAe_3ZJDjBegtEBO6Hl-92DGG_AzvGnTOQfeOGWSaJ4HraFUMmwLxdtf1Kh2h1NutVq929Vm7rwW80ZYXzge-dM2XzJ-dAx7mSu3hxnupKU1XI3FFiwlvkVGHFG1Dg0w5oPGVtp5CsuDOEUWPurSDPGL5IcA.gm4r84Zx_wWqNUt29VXLI2AoPzxvV6-zgVplO_k7XqI&dib_tag=se&keywords=shoes&qid=1756498211&sr=8-3,amazon_shoes_3,2025-08-30T01:10:26.287059,LARNMERN Mens Non Slip Work Shoes Slip On Water Resistant Walking Sneakers Zapatos Trabajo Waterproof Food Service Chef Kitchen,[]
Amazon Essentials Womens Loafer Flat,Single Product,16.8,21.0,AMZ-SHO-0004,In Stock,53,0.0,%,['https://m.media-amazon.com/images/I/61w+2Br4YnL._AC_UL320_.jpg'],[],Electronics,General,24 hr(s),0.0,0.0,0.0,0.0,Quality Amazon Essentials Womens Loafer Flat from Amazon with fast shipping and customer support,Buy Amazon Essentials Womens Loafer Flat from Amazon at competitive prices,4.1,13887,Amazon,Amazon,https://www.amazon.com/sspa/click?ie=UTF8&spc=MTo0ODQ3Mjk3NzIyMzQzNjM5OjE3NTY0OTgyMTE6c3BfYXRmOjIwMDA1ODczMzAxNzIzMTo6MDo6&url=%2FAmazon-Essentials-Womens-Loafer-Beige%2Fdp%2FB088KGZ9ZG%2Fref%3Dsr_1_4_ffob_sspa%3Fdib%3DeyJ2IjoiMSJ9.ISOjS8ZNz1J8mmiQV_UNNL5wCYH_8PVruBhEACcywLmD7bsUf5zeRsso1J01YiNh6darZDOn12ey7SE-db82_yuVACpNViDZA-rCwje7BS_kjW9zWwHdjYYG9BC22u88xe3PiVsAd78URobYAe_3ZJDjBegtEBO6Hl-92DGG_AzvGnTOQfeOGWSaJ4HraFUMmwLxdtf1Kh2h1NutVq929Vm7rwW80ZYXzge-dM2XzJ-dAx7mSu3hxnupKU1XI3FFiwlvkVGHFG1Dg0w5oPGVtp5CsuDOEUWPurSDPGL5IcA.gm4r84Zx_wWqNUt29VXLI2AoPzxvV6-zgVplO_k7XqI%26dib_tag%3Dse%26keywords%3Dshoes%26qid%3D1756498211%26sr%3D8-4-spons%26sp_csd%3Dd2lkZ2V0TmFtZT1zcF9hdGY%26psc%3D1,amazon_shoes_4,2025-08-30T01:10:31.907761,Amazon Essentials Womens Loafer Flat,[]
Skechers Mens Gowalk Flex Hands Free Slip-ins Athletic Slip-on Casual Walking Shoes Sneaker,Single Product,47.2,59.0,AMZ-SHO-0005,In Stock,100,0.0,%,['https://m.media-amazon.com/images/I/51x5vY73bVL._AC_UL320_.jpg'],[],Fashion,Shoes,24 hr(s),0.0,0.0,0.0,0.0,Quality Skechers Mens Gowalk Flex Hands Free Slip-ins Athletic Slip-on Casual Walking Shoes Sneaker from Amazon with fast shipping and customer support,Buy Skechers Mens Gowalk Flex Hands Free Slip-ins Athletic Slip-on Casual Walking Shoes Sneaker from Amazon at competitive prices,4.6,6393,Amazon,Amazon,https://www.amazon.com/Skechers-Slip-Ins-Athletic-Walking-Air-Cooled-Sneaker/dp/B0BSDDRZ7C/ref=sr_1_5?dib=eyJ2IjoiMSJ9.ISOjS8ZNz1J8mmiQV_UNNL5wCYH_8PVruBhEACcywLmD7bsUf5zeRsso1J01YiNh6darZDOn12ey7SE-db82_yuVACpNViDZA-rCwje7BS_kjW9zWwHdjYYG9BC22u88xe3PiVsAd78URobYAe_3ZJDjBegtEBO6Hl-92DGG_AzvGnTOQfeOGWSaJ4HraFUMmwLxdtf1Kh2h1NutVq929Vm7rwW80ZYXzge-dM2XzJ-dAx7mSu3hxnupKU1XI3FFiwlvkVGHFG1Dg0w5oPGVtp5CsuDOEUWPurSDPGL5IcA.gm4r84Zx_wWqNUt29VXLI2AoPzxvV6-zgVplO_k7XqI&dib_tag=se&keywords=shoes&qid=1756498211&sr=8-5,amazon_shoes_5,2025-08-30T01:10:37.520054,Skechers Mens Gowalk Flex Hands Free Slip-ins Athletic Slip-on Casual Walking Shoes Sneaker,[]
Brooks Womens Ghost Max 2 Neutral Running  Walking Shoe,Single Product,87.2,109.0,AMZ-SHO-0006,In Stock,97,0.0,%,['https://m.media-amazon.com/images/I/81AVaym1LTL._AC_UL320_.jpg'],[],Sports,Running,24 hr(s),0.0,0.0,0.0,0.0,Quality Brooks Womens Ghost Max 2 Neutral Running  Walking Shoe from Amazon with fast shipping and customer support,Buy Brooks Womens Ghost Max 2 Neutral Running  Walking Shoe from Amazon at competitive prices,4.5,2705,Amazon,Amazon,https://www.amazon.com/Brooks-Women-Ghost-Black-Ebony/dp/B0CNWTNTTY/ref=sr_1_6?dib=eyJ2IjoiMSJ9.ISOjS8ZNz1J8mmiQV_UNNL5wCYH_8PVruBhEACcywLmD7bsUf5zeRsso1J01YiNh6darZDOn12ey7SE-db82_yuVACpNViDZA-rCwje7BS_kjW9zWwHdjYYG9BC22u88xe3PiVsAd78URobYAe_3ZJDjBegtEBO6Hl-92DGG_AzvGnTOQfeOGWSaJ4HraFUMmwLxdtf1Kh2h1NutVq929Vm7rwW80ZYXzge-dM2XzJ-dAx7mSu3hxnupKU1XI3FFiwlvkVGHFG1Dg0w5oPGVtp5CsuDOEUWPurSDPGL5IcA.gm4r84Zx_wWqNUt29VXLI2AoPzxvV6-zgVplO_k7XqI&dib_tag=se&keywords=shoes&qid=1756498211&sr=8-6,amazon_shoes_6,2025-08-30T01:10:44.154341,Brooks Womens Ghost Max 2 Neutral Running  Walking Shoe,[]
PUMA Mens Club 5v5 Sneaker,Single Product,30.4,38.0,AMZ-SHO-0007,In Stock,61,0.0,%,['https://m.media-amazon.com/images/I/61CsgeqSt8L._AC_UL320_.jpg'],[],Electronics,General,24 hr(s),0.0,0.0,0.0,0.0,Quality PUMA Mens Club 5v5 Sneaker from Amazon with fast shipping and customer support,Buy PUMA Mens Club 5v5 Sneaker from Amazon at competitive prices,4.3,1384,Amazon,Amazon,https://www.amazon.com/PUMA-Mens-Sneaker-White-Black-Feather/dp/B0CL7GWLPJ/ref=sr_1_7?dib=eyJ2IjoiMSJ9.ISOjS8ZNz1J8mmiQV_UNNL5wCYH_8PVruBhEACcywLmD7bsUf5zeRsso1J01YiNh6darZDOn12ey7SE-db82_yuVACpNViDZA-rCwje7BS_kjW9zWwHdjYYG9BC22u88xe3PiVsAd78URobYAe_3ZJDjBegtEBO6Hl-92DGG_AzvGnTOQfeOGWSaJ4HraFUMmwLxdtf1Kh2h1NutVq929Vm7rwW80ZYXzge-dM2XzJ-dAx7mSu3hxnupKU1XI3FFiwlvkVGHFG1Dg0w5oPGVtp5CsuDOEUWPurSDPGL5IcA.gm4r84Zx_wWqNUt29VXLI2AoPzxvV6-zgVplO_k7XqI&dib_tag=se&keywords=shoes&qid=1756498211&sr=8-7,amazon_shoes_7,2025-08-30T01:10:48.754963,PUMA Mens Club 5v5 Sneaker,[]
Reebok Mens Classic Leather Sneakers,Single Product,32.0,40.0,AMZ-SHO-0008,In Stock,84,0.0,%,['https://m.media-amazon.com/images/I/71FEnjTLuWL._AC_UL320_.jpg'],[],Electronics,General,24 hr(s),0.0,0.0,0.0,0.0,Quality Reebok Mens Classic Leather Sneakers from Amazon with fast shipping and customer support,Buy Reebok Mens Classic Leather Sneakers from Amazon at competitive prices,4.5,4399,Amazon,Amazon,https://www.amazon.com/Reebok-Classic-Leather-Sneaker-Reefresh/dp/B093TYSQPM/ref=sr_1_8?dib=eyJ2IjoiMSJ9.ISOjS8ZNz1J8mmiQV_UNNL5wCYH_8PVruBhEACcywLmD7bsUf5zeRsso1J01YiNh6darZDOn12ey7SE-db82_yuVACpNViDZA-rCwje7BS_kjW9zWwHdjYYG9BC22u88xe3PiVsAd78URobYAe_3ZJDjBegtEBO6Hl-92DGG_AzvGnTOQfeOGWSaJ4HraFUMmwLxdtf1Kh2h1NutVq929Vm7rwW80ZYXzge-dM2XzJ-dAx7mSu3hxnupKU1XI3FFiwlvkVGHFG1Dg0w5oPGVtp5CsuDOEUWPurSDPGL5IcA.gm4r84Zx_wWqNUt29VXLI2AoPzxvV6-zgVplO_k7XqI&dib_tag=se&keywords=shoes&qid=1756498211&sr=8-8,amazon_shoes_8,2025-08-30T01:10:52.385315,Reebok Mens Classic Leather Sneakers,[]
adidas Kids Samba Indoor Sneakers,Single Product,55.2,69.0,AMZ-SHO-0009,In Stock,89,0.0,%,['https://m.media-amazon.com/images/I/61sqWEBtfNL._AC_UL320_.jpg'],[],Electronics,General,24 hr(s),0.0,0.0,0.0,0.0,Quality adidas Kids Samba Indoor Sneakers from Amazon with fast shipping and customer support,Buy adidas Kids Samba Indoor Sneakers from Amazon at competitive prices,4.7,1144,Amazon,Amazon,https://www.amazon.com/adidas-Samba-Sneaker-Unisex-Little/dp/B0CKMCHKT6/ref=sr_1_9?dib=eyJ2IjoiMSJ9.ISOjS8ZNz1J8mmiQV_UNNL5wCYH_8PVruBhEACcywLmD7bsUf5zeRsso1J01YiNh6darZDOn12ey7SE-db82_yuVACpNViDZA-rCwje7BS_kjW9zWwHdjYYG9BC22u88xe3PiVsAd78URobYAe_3ZJDjBegtEBO6Hl-92DGG_AzvGnTOQfeOGWSaJ4HraFUMmwLxdtf1Kh2h1NutVq929Vm7rwW80ZYXzge-dM2XzJ-dAx7mSu3hxnupKU1XI3FFiwlvkVGHFG1Dg0w5oPGVtp5CsuDOEUWPurSDPGL5IcA.gm4r84Zx_wWqNUt29VXLI2AoPzxvV6-zgVplO_k7XqI&dib_tag=se&keywords=shoes&qid=1756498211&sr=8-9,amazon_shoes_9,2025-08-30T01:11:00.108364,adidas Kids Samba Indoor Sneakers,[]
Skechers Womens Uno-Stand on Air Sneaker,Single Product,47.2,59.0,AMZ-SHO-0010,In Stock,88,0.0,%,['https://m.media-amazon.com/images/I/51IoRuN9NcL._AC_UL320_.jpg'],[],Electronics,General,24 hr(s),0.0,0.0,0.0,0.0,Quality Skechers Womens Uno-Stand on Air Sneaker from Amazon with fast shipping and customer support,Buy Skechers Womens Uno-Stand on Air Sneaker from Amazon at competitive prices,4.4,44756,Amazon,Amazon,https://www.amazon.com/Skechers-Street-Stand-Womens-Sneakers/dp/B07H61JFTV/ref=sr_1_10?dib=eyJ2IjoiMSJ9.ISOjS8ZNz1J8mmiQV_UNNL5wCYH_8PVruBhEACcywLmD7bsUf5zeRsso1J01YiNh6darZDOn12ey7SE-db82_yuVACpNViDZA-rCwje7BS_kjW9zWwHdjYYG9BC22u88xe3PiVsAd78URobYAe_3ZJDjBegtEBO6Hl-92DGG_AzvGnTOQfeOGWSaJ4HraFUMmwLxdtf1Kh2h1NutVq929Vm7rwW80ZYXzge-dM2XzJ-dAx7mSu3hxnupKU1XI3FFiwlvkVGHFG1Dg0w5oPGVtp5CsuDOEUWPurSDPGL5IcA.gm4r84Zx_wWqNUt29VXLI2AoPzxvV6-zgVplO_k7XqI&dib_tag=se&keywords=shoes&qid=1756498211&sr=8-10,amazon_shoes_10,2025-08-30T01:11:06.351700,Skechers Womens Uno-Stand on Air Sneaker,[]
Under Armour Mens Charged Commit Trainer 4 Sneaker,Single Product,48.0,60.0,AMZ-SHO-0011,In Stock,85,0.0,%,['https://m.media-amazon.com/images/I/61Tjaxn2TFL._AC_UL320_.jpg'],[],Electronics,General,24 hr(s),0.0,0.0,0.0,0.0,Quality Under Armour Mens Charged Commit Trainer 4 Sneaker from Amazon with fast shipping and customer support,Buy Under Armour Mens Charged Commit Trainer 4 Sneaker from Amazon at competitive prices,4.6,2005,Amazon,Amazon,https://www.amazon.com/Under-Armour-Charged-Ultimate-Castlerock/dp/B0BZXNN67B/ref=sr_1_11?dib=eyJ2IjoiMSJ9.ISOjS8ZNz1J8mmiQV_UNNL5wCYH_8PVruBhEACcywLmD7bsUf5zeRsso1J01YiNh6darZDOn12ey7SE-db82_yuVACpNViDZA-rCwje7BS_kjW9zWwHdjYYG9BC22u88xe3PiVsAd78URobYAe_3ZJDjBegtEBO6Hl-92DGG_AzvGnTOQfeOGWSaJ4HraFUMmwLxdtf1Kh2h1NutVq929Vm7rwW80ZYXzge-dM2XzJ-dAx7mSu3hxnupKU1XI3FFiwlvkVGHFG1Dg0w5oPGVtp5CsuDOEUWPurSDPGL5IcA.gm4r84Zx_wWqNUt29VXLI2AoPzxvV6-zgVplO_k7XqI&dib_tag=se&keywords=shoes&qid=1756498211&sr=8-11,amazon_shoes_11,2025-08-30T01:11:09.759080,Under Armour Mens Charged Commit Trainer 4 Sneaker,[]
Brooks Womens Adrenaline GTS 24 Supportive Running Shoe,Single Product,111.2,139.0,AMZ-SHO-0012,In Stock,51,0.0,%,['https://m.media-amazon.com/images/I/718OsN7iw9L._AC_UL320_.jpg'],[],Sports,Running,24 hr(s),0.0,0.0,0.0,0.0,Quality Brooks Womens Adrenaline GTS 24 Supportive Running Shoe from Amazon with fast shipping and customer support,Buy Brooks Womens Adrenaline GTS 24 Supportive Running Shoe from Amazon at competitive prices,4.5,2473,Amazon,Amazon,https://www.amazon.com/Brooks-Womens-Adrenaline-Supportive-Running/dp/B0CZ7LGF6Q/ref=sr_1_12?dib=eyJ2IjoiMSJ9.ISOjS8ZNz1J8mmiQV_UNNL5wCYH_8PVruBhEACcywLmD7bsUf5zeRsso1J01YiNh6darZDOn12ey7SE-db82_yuVACpNViDZA-rCwje7BS_kjW9zWwHdjYYG9BC22u88xe3PiVsAd78URobYAe_3ZJDjBegtEBO6Hl-92DGG_AzvGnTOQfeOGWSaJ4HraFUMmwLxdtf1Kh2h1NutVq929Vm7rwW80ZYXzge-dM2XzJ-dAx7mSu3hxnupKU1XI3FFiwlvkVGHFG1Dg0w5oPGVtp5CsuDOEUWPurSDPGL5IcA.gm4r84Zx_wWqNUt29VXLI2AoPzxvV6-zgVplO_k7XqI&dib_tag=se&keywords=shoes&qid=1756498211&sr=8-12,amazon_shoes_12,2025-08-30T01:11:16.447245,Brooks Womens Adrenaline GTS 24 Supportive Running Shoe,[]
"Hike Barefoot Shoes for Women Men, Breathable Non-Slip Athletic Footwear, Wide Toe Water Shoes for Hiking, Non-Slip Neuropathy Shoes for Women Men, Grounded Comfort wear",Single Product,16.0,20.0,AMZ-SHO-0013,In Stock,82,0.0,%,['https://m.media-amazon.com/images/I/71IEkc2sgvL._AC_UL320_.jpg'],[],Fashion,Shoes,24 hr(s),0.0,0.0,0.0,0.0,"Quality Hike Barefoot Shoes for Women Men, Breathable Non-Slip Athletic Footwear, Wide Toe Water Shoes for Hiking, Non-Slip Neuropathy Shoes for Women Men, Grounded Comfort wear from Amazon with fast shipping and customer support","Buy Hike Barefoot Shoes for Women Men, Breathable Non-Slip Athletic Footwear, Wide Toe Water Shoes for Hiking, Non-Slip Neuropathy Shoes for Women Men, Grounded Comfort wear from Amazon at competitive prices",4.4,953,Amazon,Amazon,https://www.amazon.com/Hike-Footwear-Barefoot-Shoes-Breathable/dp/B0D7VPR4QG/ref=sr_1_13?dib=eyJ2IjoiMSJ9.ISOjS8ZNz1J8mmiQV_UNNL5wCYH_8PVruBhEACcywLmD7bsUf5zeRsso1J01YiNh6darZDOn12ey7SE-db82_yuVACpNViDZA-rCwje7BS_kjW9zWwHdjYYG9BC22u88xe3PiVsAd78URobYAe_3ZJDjBegtEBO6Hl-92DGG_AzvGnTOQfeOGWSaJ4HraFUMmwLxdtf1Kh2h1NutVq929Vm7rwW80ZYXzge-dM2XzJ-dAx7mSu3hxnupKU1XI3FFiwlvkVGHFG1Dg0w5oPGVtp5CsuDOEUWPurSDPGL5IcA.gm4r84Zx_wWqNUt29VXLI2AoPzxvV6-zgVplO_k7XqI&dib_tag=se&keywords=shoes&qid=1756498211&sr=8-13,amazon_shoes_13,2025-08-30T01:11:21.779285,"Hike Barefoot Shoes for Women Men, Breathable Non-Slip Athletic Footwear, Wide Toe Water Shoes for Hiking, Non-Slip Neuropathy Shoes for Women Men, Grounded Comfort wear",[]
Skechers Womens Go Walk Joy Sneakers,Single Product,41.6,52.0,AMZ-SHO-0014,In Stock,57,0.0,%,['https://m.media-amazon.com/images/I/81SBLTe2siL._AC_UL320_.jpg'],[],Electronics,General,24 hr(s),0.0,0.0,0.0,0.0,Quality Skechers Womens Go Walk Joy Sneakers from Amazon with fast shipping and customer support,Buy Skechers Womens Go Walk Joy Sneakers from Amazon at competitive prices,4.5,100254,Amazon,Amazon,https://www.amazon.com/Skechers-Sneaker-5Gen-Cushioning-Air-Cooled-Breathable/dp/B072FB2Z49/ref=sr_1_14?dib=eyJ2IjoiMSJ9.ISOjS8ZNz1J8mmiQV_UNNL5wCYH_8PVruBhEACcywLmD7bsUf5zeRsso1J01YiNh6darZDOn12ey7SE-db82_yuVACpNViDZA-rCwje7BS_kjW9zWwHdjYYG9BC22u88xe3PiVsAd78URobYAe_3ZJDjBegtEBO6Hl-92DGG_AzvGnTOQfeOGWSaJ4HraFUMmwLxdtf1Kh2h1NutVq929Vm7rwW80ZYXzge-dM2XzJ-dAx7mSu3hxnupKU1XI3FFiwlvkVGHFG1Dg0w5oPGVtp5CsuDOEUWPurSDPGL5IcA.gm4r84Zx_wWqNUt29VXLI2AoPzxvV6-zgVplO_k7XqI&dib_tag=se&keywords=shoes&qid=1756498211&sr=8-14,amazon_shoes_14,2025-08-30T01:11:24.891267,Skechers Womens Go Walk Joy Sneakers,[]
DUOYANGJIASHA Sneakers for Women Running Shoes Slip On Casual Walking Shoes Non Slip Comfortable Fashion Tennis Shoes Mesh Lightweight Sneaker for Work,Single Product,14.4,18.0,AMZ-SHO-0015,In Stock,56,0.0,%,['https://m.media-amazon.com/images/I/81+aRgMI-wL._AC_UL320_.jpg'],[],Fashion,Shoes,24 hr(s),0.0,0.0,0.0,0.0,Quality DUOYANGJIASHA Sneakers for Women Running Shoes Slip On Casual Walking Shoes Non Slip Comfortable Fashion Tennis Shoes Mesh Lightweight Sneaker for Work from Amazon with fast shipping and customer support,Buy DUOYANGJIASHA Sneakers for Women Running Shoes Slip On Casual Walking Shoes Non Slip Comfortable Fashion Tennis Shoes Mesh Lightweight Sneaker for Work from Amazon at competitive prices,4.2,16484,Amazon,Amazon,https://www.amazon.com/DUOYANGJIASHA-Womens-Sneakers-Tennis-Running/dp/B01E6WWGRW/ref=sr_1_15?dib=eyJ2IjoiMSJ9.ISOjS8ZNz1J8mmiQV_UNNL5wCYH_8PVruBhEACcywLmD7bsUf5zeRsso1J01YiNh6darZDOn12ey7SE-db82_yuVACpNViDZA-rCwje7BS_kjW9zWwHdjYYG9BC22u88xe3PiVsAd78URobYAe_3ZJDjBegtEBO6Hl-92DGG_AzvGnTOQfeOGWSaJ4HraFUMmwLxdtf1Kh2h1NutVq929Vm7rwW80ZYXzge-dM2XzJ-dAx7mSu3hxnupKU1XI3FFiwlvkVGHFG1Dg0w5oPGVtp5CsuDOEUWPurSDPGL5IcA.gm4r84Zx_wWqNUt29VXLI2AoPzxvV6-zgVplO_k7XqI&dib_tag=se&keywords=shoes&qid=1756498211&sr=8-15,amazon_shoes_15,2025-08-30T01:11:30.097167,DUOYANGJIASHA Sneakers for Women Running Shoes Slip On Casual Walking Shoes Non Slip Comfortable Fashion Tennis Shoes Mesh Lightweight Sneaker for Work,[]
Under Armour Mens Charged Assert 9 Running Shoe,Single Product,7.2,9.0,AMZ-SHO-0016,In Stock,50,0.0,%,['https://m.media-amazon.com/images/I/51BKyWgcu7L._AC_UL320_.jpg'],[],Sports,Running,24 hr(s),0.0,0.0,0.0,0.0,Quality Under Armour Mens Charged Assert 9 Running Shoe from Amazon with fast shipping and customer support,Buy Under Armour Mens Charged Assert 9 Running Shoe from Amazon at competitive prices,4.6,54466,Amazon,Amazon,https://www.amazon.com/Under-Armour-Charged-Assert-Sneaker/dp/B0968ZJJ33/ref=sr_1_16?dib=eyJ2IjoiMSJ9.ISOjS8ZNz1J8mmiQV_UNNL5wCYH_8PVruBhEACcywLmD7bsUf5zeRsso1J01YiNh6darZDOn12ey7SE-db82_yuVACpNViDZA-rCwje7BS_kjW9zWwHdjYYG9BC22u88xe3PiVsAd78URobYAe_3ZJDjBegtEBO6Hl-92DGG_AzvGnTOQfeOGWSaJ4HraFUMmwLxdtf1Kh2h1NutVq929Vm7rwW80ZYXzge-dM2XzJ-dAx7mSu3hxnupKU1XI3FFiwlvkVGHFG1Dg0w5oPGVtp5CsuDOEUWPurSDPGL5IcA.gm4r84Zx_wWqNUt29VXLI2AoPzxvV6-zgVplO_k7XqI&dib_tag=se&keywords=shoes&qid=1756498211&sr=8-16,amazon_shoes_16,2025-08-30T01:11:35.244511,Under Armour Mens Charged Assert 9 Running Shoe,[]
Under Armour Mens Charged Assert 10 Running Shoe,Single Product,43.2,54.0,AMZ-SHO-0017,In Stock,41,0.0,%,['https://m.media-amazon.com/images/I/81165r6EqXL._AC_UL320_.jpg'],[],Sports,Running,24 hr(s),0.0,0.0,0.0,0.0,Quality Under Armour Mens Charged Assert 10 Running Shoe from Amazon with fast shipping and customer support,Buy Under Armour Mens Charged Assert 10 Running Shoe from Amazon at competitive prices,4.5,17091,Amazon,Amazon,https://www.amazon.com/Under-Armour-Charged-Assert-Running/dp/B09XBVVGD6/ref=sr_1_17?dib=eyJ2IjoiMSJ9.ISOjS8ZNz1J8mmiQV_UNNL5wCYH_8PVruBhEACcywLmD7bsUf5zeRsso1J01YiNh6darZDOn12ey7SE-db82_yuVACpNViDZA-rCwje7BS_kjW9zWwHdjYYG9BC22u88xe3PiVsAd78URobYAe_3ZJDjBegtEBO6Hl-92DGG_AzvGnTOQfeOGWSaJ4HraFUMmwLxdtf1Kh2h1NutVq929Vm7rwW80ZYXzge-dM2XzJ-dAx7mSu3hxnupKU1XI3FFiwlvkVGHFG1Dg0w5oPGVtp5CsuDOEUWPurSDPGL5IcA.gm4r84Zx_wWqNUt29VXLI2AoPzxvV6-zgVplO_k7XqI&dib_tag=se&keywords=shoes&qid=1756498211&sr=8-17,amazon_shoes_17,2025-08-30T01:11:38.426952,Under Armour Mens Charged Assert 10 Running Shoe,[]
ASITVO Wide Mens Barefoot Zero Drop Sole Minimalist Width Toe Box Walking Shoes Sneakers TPU Toe No-Sew Upper,Single Product,29.6,37.0,AMZ-SHO-0018,In Stock,59,0.0,%,['https://m.media-amazon.com/images/I/714eVeaLrRL._AC_UL320_.jpg'],[],Electronics,Smartphones,24 hr(s),0.0,0.0,0.0,0.0,Quality ASITVO Wide Mens Barefoot Zero Drop Sole Minimalist Width Toe Box Walking Shoes Sneakers TPU Toe No-Sew Upper from Amazon with fast shipping and customer support,Buy ASITVO Wide Mens Barefoot Zero Drop Sole Minimalist Width Toe Box Walking Shoes Sneakers TPU Toe No-Sew Upper from Amazon at competitive prices,4.4,337,Amazon,Amazon,https://www.amazon.com/ASITVO-Minimalist-Barefoot-Cross-Trainer-Sneakers/dp/B0D4QDBT97/ref=sr_1_18?dib=eyJ2IjoiMSJ9.ISOjS8ZNz1J8mmiQV_UNNL5wCYH_8PVruBhEACcywLmD7bsUf5zeRsso1J01YiNh6darZDOn12ey7SE-db82_yuVACpNViDZA-rCwje7BS_kjW9zWwHdjYYG9BC22u88xe3PiVsAd78URobYAe_3ZJDjBegtEBO6Hl-92DGG_AzvGnTOQfeOGWSaJ4HraFUMmwLxdtf1Kh2h1NutVq929Vm7rwW80ZYXzge-dM2XzJ-dAx7mSu3hxnupKU1XI3FFiwlvkVGHFG1Dg0w5oPGVtp5CsuDOEUWPurSDPGL5IcA.gm4r84Zx_wWqNUt29VXLI2AoPzxvV6-zgVplO_k7XqI&dib_tag=se&keywords=shoes&qid=1756498211&sr=8-18,amazon_shoes_18,2025-08-30T01:11:45.672516,ASITVO Wide Mens Barefoot Zero Drop Sole Minimalist Width Toe Box Walking Shoes Sneakers TPU Toe No-Sew Upper,[]
Clarks Mens Cosgrove Cap,Single Product,33.6,42.0,AMZ-SHO-0019,In Stock,19,0.0,%,['https://m.media-amazon.com/images/I/71ZMiKmCVoL._AC_UL320_.jpg'],[],Electronics,General,24 hr(s),0.0,0.0,0.0,0.0,Quality Clarks Mens Cosgrove Cap from Amazon with fast shipping and customer support,Buy Clarks Mens Cosgrove Cap from Amazon at competitive prices,4.5,2,Amazon,Amazon,https://www.amazon.com/Clarks-Mens-Cosgrove-Oxford-Leather/dp/B0D8DD63Y8/ref=sr_1_19?dib=eyJ2IjoiMSJ9.ISOjS8ZNz1J8mmiQV_UNNL5wCYH_8PVruBhEACcywLmD7bsUf5zeRsso1J01YiNh6darZDOn12ey7SE-db82_yuVACpNViDZA-rCwje7BS_kjW9zWwHdjYYG9BC22u88xe3PiVsAd78URobYAe_3ZJDjBegtEBO6Hl-92DGG_AzvGnTOQfeOGWSaJ4HraFUMmwLxdtf1Kh2h1NutVq929Vm7rwW80ZYXzge-dM2XzJ-dAx7mSu3hxnupKU1XI3FFiwlvkVGHFG1Dg0w5oPGVtp5CsuDOEUWPurSDPGL5IcA.gm4r84Zx_wWqNUt29VXLI2AoPzxvV6-zgVplO_k7XqI&dib_tag=se&keywords=shoes&qid=1756498211&sr=8-19,amazon_shoes_19,2025-08-30T01:11:50.577116,Clarks Mens Cosgrove Cap,[]
Reebok Womens Club C Extra Platform Sneakers,Single Product,31.2,39.0,AMZ-SHO-0020,In Stock,69,0.0,%,['https://m.media-amazon.com/images/I/71xpFAXjvwL._AC_UL320_.jpg'],[],Electronics,General,24 hr(s),0.0,0.0,0.0,0.0,Quality Reebok Womens Club C Extra Platform Sneakers from Amazon with fast shipping and customer support,Buy Reebok Womens Club C Extra Platform Sneakers from Amazon at competitive prices,4.4,1037,Amazon,Amazon,https://www.amazon.com/Reebok-Womens-Extra-Sneaker-Vector/dp/B09Z7399J2/ref=sr_1_20?dib=eyJ2IjoiMSJ9.ISOjS8ZNz1J8mmiQV_UNNL5wCYH_8PVruBhEACcywLmD7bsUf5zeRsso1J01YiNh6darZDOn12ey7SE-db82_yuVACpNViDZA-rCwje7BS_kjW9zWwHdjYYG9BC22u88xe3PiVsAd78URobYAe_3ZJDjBegtEBO6Hl-92DGG_AzvGnTOQfeOGWSaJ4HraFUMmwLxdtf1Kh2h1NutVq929Vm7rwW80ZYXzge-dM2XzJ-dAx7mSu3hxnupKU1XI3FFiwlvkVGHFG1Dg0w5oPGVtp5CsuDOEUWPurSDPGL5IcA.gm4r84Zx_wWqNUt29VXLI2AoPzxvV6-zgVplO_k7XqI&dib_tag=se&keywords=shoes&qid=1756498211&sr=8-20,amazon_shoes_20,2025-08-30T01:11:57.854495,Reebok Womens Club C Extra Platform Sneakers,[]
Skechers Mens Summits AT Hands Free Slip-in Sneaker,Single Product,36.0,45.0,AMZ-SHO-0021,In Stock,83,0.0,%,['https://m.media-amazon.com/images/I/81y0QPFDghL._AC_UL320_.jpg'],[],Electronics,General,24 hr(s),0.0,0.0,0.0,0.0,Quality Skechers Mens Summits AT Hands Free Slip-in Sneaker from Amazon with fast shipping and customer support,Buy Skechers Mens Summits AT Hands Free Slip-in Sneaker from Amazon at competitive prices,4.6,2866,Amazon,Amazon,https://www.amazon.com/Skechers-Summits-Hands-Sneaker-Orange/dp/B0CFCJX52X/ref=sr_1_21?dib=eyJ2IjoiMSJ9.ISOjS8ZNz1J8mmiQV_UNNL5wCYH_8PVruBhEACcywLmD7bsUf5zeRsso1J01YiNh6darZDOn12ey7SE-db82_yuVACpNViDZA-rCwje7BS_kjW9zWwHdjYYG9BC22u88xe3PiVsAd78URobYAe_3ZJDjBegtEBO6Hl-92DGG_AzvGnTOQfeOGWSaJ4HraFUMmwLxdtf1Kh2h1NutVq929Vm7rwW80ZYXzge-dM2XzJ-dAx7mSu3hxnupKU1XI3FFiwlvkVGHFG1Dg0w5oPGVtp5CsuDOEUWPurSDPGL5IcA.gm4r84Zx_wWqNUt29VXLI2AoPzxvV6-zgVplO_k7XqI&dib_tag=se&keywords=shoes&qid=1756498211&sr=8-21,amazon_shoes_21,2025-08-30T01:12:05.193817,Skechers Mens Summits AT Hands Free Slip-in Sneaker,[]
Mens Running Shoes Fashion Sneakers Tennis Walking Shoes Lightweight Athletic Gym Workout Shoes,Single Product,16.8,21.0,AMZ-SHO-0022,In Stock,14,0.0,%,['https://m.media-amazon.com/images/I/713emNn84TL._AC_UL320_.jpg'],[],Fashion,Shoes,24 hr(s),0.0,0.0,0.0,0.0,Quality Mens Running Shoes Fashion Sneakers Tennis Walking Shoes Lightweight Athletic Gym Workout Shoes from Amazon with fast shipping and customer support,Buy Mens Running Shoes Fashion Sneakers Tennis Walking Shoes Lightweight Athletic Gym Workout Shoes from Amazon at competitive prices,4.0,758,Amazon,Amazon,https://www.amazon.com/YITUHIO-Running-Shoes-Sneakers-Lightweight/dp/B0D1B42GVJ/ref=sr_1_22?dib=eyJ2IjoiMSJ9.ISOjS8ZNz1J8mmiQV_UNNL5wCYH_8PVruBhEACcywLmD7bsUf5zeRsso1J01YiNh6darZDOn12ey7SE-db82_yuVACpNViDZA-rCwje7BS_kjW9zWwHdjYYG9BC22u88xe3PiVsAd78URobYAe_3ZJDjBegtEBO6Hl-92DGG_AzvGnTOQfeOGWSaJ4HraFUMmwLxdtf1Kh2h1NutVq929Vm7rwW80ZYXzge-dM2XzJ-dAx7mSu3hxnupKU1XI3FFiwlvkVGHFG1Dg0w5oPGVtp5CsuDOEUWPurSDPGL5IcA.gm4r84Zx_wWqNUt29VXLI2AoPzxvV6-zgVplO_k7XqI&dib_tag=se&keywords=shoes&qid=1756498211&sr=8-22,amazon_shoes_22,2025-08-30T01:12:10.563017,Mens Running Shoes Fashion Sneakers Tennis Walking Shoes Lightweight Athletic Gym Workout Shoes,[]
Under Armour Unisex-Child Grade School Lockdown 7 Sneaker,Single Product,31.2,39.0,AMZ-SHO-0023,In Stock,79,0.0,%,['https://m.media-amazon.com/images/I/51etObPYHLL._AC_UL320_.jpg'],[],Electronics,General,24 hr(s),0.0,0.0,0.0,0.0,Quality Under Armour Unisex-Child Grade School Lockdown 7 Sneaker from Amazon with fast shipping and customer support,Buy Under Armour Unisex-Child Grade School Lockdown 7 Sneaker from Amazon at competitive prices,4.6,937,Amazon,Amazon,https://www.amazon.com/Under-Armour-Unisex-Lockdown-Metallic/dp/B0CJT8WV7J/ref=sr_1_23?dib=eyJ2IjoiMSJ9.ISOjS8ZNz1J8mmiQV_UNNL5wCYH_8PVruBhEACcywLmD7bsUf5zeRsso1J01YiNh6darZDOn12ey7SE-db82_yuVACpNViDZA-rCwje7BS_kjW9zWwHdjYYG9BC22u88xe3PiVsAd78URobYAe_3ZJDjBegtEBO6Hl-92DGG_AzvGnTOQfeOGWSaJ4HraFUMmwLxdtf1Kh2h1NutVq929Vm7rwW80ZYXzge-dM2XzJ-dAx7mSu3hxnupKU1XI3FFiwlvkVGHFG1Dg0w5oPGVtp5CsuDOEUWPurSDPGL5IcA.gm4r84Zx_wWqNUt29VXLI2AoPzxvV6-zgVplO_k7XqI&dib_tag=se&keywords=shoes&qid=1756498211&sr=8-23,amazon_shoes_23,2025-08-30T01:12:16.848890,Under Armour Unisex-Child Grade School Lockdown 7 Sneaker,[]
Project Cloud Platform Sneakers for Women - Lightweight Memory Foam Insole Womens Sneakers - Non-Slip Fashion Sneakers for Women Footwear - Womens Fashion Platform Shoes (Nita),Single Product,35.2,44.0,AMZ-SHO-0024,In Stock,37,0.0,%,['https://m.media-amazon.com/images/I/71vchIYFF5L._AC_UL320_.jpg'],[],Fashion,Shoes,24 hr(s),0.0,0.0,0.0,0.0,Quality Project Cloud Platform Sneakers for Women - Lightweight Memory Foam Insole Womens Sneakers - Non-Slip Fashion Sneakers for Women Footwear - Womens Fashion Platform Shoes (Nita) from Amazon with fast shipping and customer support,Buy Project Cloud Platform Sneakers for Women - Lightweight Memory Foam Insole Womens Sneakers - Non-Slip Fashion Sneakers for Women Footwear - Womens Fashion Platform Shoes (Nita) from Amazon at competitive prices,4.2,922,Amazon,Amazon,https://www.amazon.com/Project-Cloud-Sneakers-Women-Lightweight/dp/B0D5RM3J3X/ref=sr_1_24?dib=eyJ2IjoiMSJ9.ISOjS8ZNz1J8mmiQV_UNNL5wCYH_8PVruBhEACcywLmD7bsUf5zeRsso1J01YiNh6darZDOn12ey7SE-db82_yuVACpNViDZA-rCwje7BS_kjW9zWwHdjYYG9BC22u88xe3PiVsAd78URobYAe_3ZJDjBegtEBO6Hl-92DGG_AzvGnTOQfeOGWSaJ4HraFUMmwLxdtf1Kh2h1NutVq929Vm7rwW80ZYXzge-dM2XzJ-dAx7mSu3hxnupKU1XI3FFiwlvkVGHFG1Dg0w5oPGVtp5CsuDOEUWPurSDPGL5IcA.gm4r84Zx_wWqNUt29VXLI2AoPzxvV6-zgVplO_k7XqI&dib_tag=se&keywords=shoes&qid=1756498211&sr=8-24,amazon_shoes_24,2025-08-30T01:12:21.633601,Project Cloud Platform Sneakers for Women - Lightweight Memory Foam Insole Womens Sneakers - Non-Slip Fashion Sneakers for Women Footwear - Womens Fashion Platform Shoes (Nita),[]
On Mens Cloudrunner 2 Sneakers,Single Product,127.2,159.0,AMZ-SHO-0025,In Stock,17,0.0,%,['https://m.media-amazon.com/images/I/71Vu8A5lFzL._AC_UL320_.jpg'],[],Electronics,General,24 hr(s),0.0,0.0,0.0,0.0,Quality On Mens Cloudrunner 2 Sneakers from Amazon with fast shipping and customer support,Buy On Mens Cloudrunner 2 Sneakers from Amazon at competitive prices,4.6,198,Amazon,Amazon,https://www.amazon.com/Mens-Cloudrunner-Frost-White-Medium/dp/B0C5QJXK2N/ref=sr_1_25?dib=eyJ2IjoiMSJ9.ISOjS8ZNz1J8mmiQV_UNNL5wCYH_8PVruBhEACcywLmD7bsUf5zeRsso1J01YiNh6darZDOn12ey7SE-db82_yuVACpNViDZA-rCwje7BS_kjW9zWwHdjYYG9BC22u88xe3PiVsAd78URobYAe_3ZJDjBegtEBO6Hl-92DGG_AzvGnTOQfeOGWSaJ4HraFUMmwLxdtf1Kh2h1NutVq929Vm7rwW80ZYXzge-dM2XzJ-dAx7mSu3hxnupKU1XI3FFiwlvkVGHFG1Dg0w5oPGVtp5CsuDOEUWPurSDPGL5IcA.gm4r84Zx_wWqNUt29VXLI2AoPzxvV6-zgVplO_k7XqI&dib_tag=se&keywords=shoes&qid=1756498211&sr=8-25,amazon_shoes_25,2025-08-30T01:12:28.211186,On Mens Cloudrunner 2 Sneakers,[]
FEETCITY Baby Boys Girls First Walking Shoes Infant Sneakers Crib Shoes Breathable Lightweight Slip On Shoes,Single Product,3.6,4.5,AMZ-SHO-0026,In Stock,92,0.0,%,['https://m.media-amazon.com/images/I/71SoKGEzt0L._AC_UL320_.jpg'],[],Fashion,Shoes,24 hr(s),0.0,0.0,0.0,0.0,Quality FEETCITY Baby Boys Girls First Walking Shoes Infant Sneakers Crib Shoes Breathable Lightweight Slip On Shoes from Amazon with fast shipping and customer support,Buy FEETCITY Baby Boys Girls First Walking Shoes Infant Sneakers Crib Shoes Breathable Lightweight Slip On Shoes from Amazon at competitive prices,4.5,1774,Amazon,Amazon,https://www.amazon.com/FEETCITY-Walking-Toddler-Sneakers-Anti-Slip/dp/B0CD3C7JZG/ref=sr_1_26?dib=eyJ2IjoiMSJ9.ISOjS8ZNz1J8mmiQV_UNNL5wCYH_8PVruBhEACcywLmD7bsUf5zeRsso1J01YiNh6darZDOn12ey7SE-db82_yuVACpNViDZA-rCwje7BS_kjW9zWwHdjYYG9BC22u88xe3PiVsAd78URobYAe_3ZJDjBegtEBO6Hl-92DGG_AzvGnTOQfeOGWSaJ4HraFUMmwLxdtf1Kh2h1NutVq929Vm7rwW80ZYXzge-dM2XzJ-dAx7mSu3hxnupKU1XI3FFiwlvkVGHFG1Dg0w5oPGVtp5CsuDOEUWPurSDPGL5IcA.gm4r84Zx_wWqNUt29VXLI2AoPzxvV6-zgVplO_k7XqI&dib_tag=se&keywords=shoes&qid=1756498211&sr=8-26,amazon_shoes_26,2025-08-30T01:12:34.133125,FEETCITY Baby Boys Girls First Walking Shoes Infant Sneakers Crib Shoes Breathable Lightweight Slip On Shoes,[]
Under Armour Womens Charged Assert 10 Shoes,Single Product,60.0,75.0,AMZ-SHO-0027,In Stock,81,0.0,%,['https://m.media-amazon.com/images/I/51sc6uMmE-L._AC_UL320_.jpg'],[],Fashion,Shoes,24 hr(s),0.0,0.0,0.0,0.0,Quality Under Armour Womens Charged Assert 10 Shoes from Amazon with fast shipping and customer support,Buy Under Armour Womens Charged Assert 10 Shoes from Amazon at competitive prices,4.3,5338,Amazon,Amazon,https://www.amazon.com/Under-Armour-Womens-Charged-Running/dp/B09XBVQGPS/ref=sr_1_27?dib=eyJ2IjoiMSJ9.ISOjS8ZNz1J8mmiQV_UNNL5wCYH_8PVruBhEACcywLmD7bsUf5zeRsso1J01YiNh6darZDOn12ey7SE-db82_yuVACpNViDZA-rCwje7BS_kjW9zWwHdjYYG9BC22u88xe3PiVsAd78URobYAe_3ZJDjBegtEBO6Hl-92DGG_AzvGnTOQfeOGWSaJ4HraFUMmwLxdtf1Kh2h1NutVq929Vm7rwW80ZYXzge-dM2XzJ-dAx7mSu3hxnupKU1XI3FFiwlvkVGHFG1Dg0w5oPGVtp5CsuDOEUWPurSDPGL5IcA.gm4r84Zx_wWqNUt29VXLI2AoPzxvV6-zgVplO_k7XqI&dib_tag=se&keywords=shoes&qid=1756498211&sr=8-27,amazon_shoes_27,2025-08-30T01:12:41.500633,Under Armour Womens Charged Assert 10 Shoes,[]
Under Armour Womens Charged Surge 4 Running Shoe,Single Product,44.0,55.0,AMZ-SHO-0028,In Stock,59,0.0,%,['https://m.media-amazon.com/images/I/71aIkkGBjvL._AC_UL320_.jpg'],[],Sports,Running,24 hr(s),0.0,0.0,0.0,0.0,Quality Under Armour Womens Charged Surge 4 Running Shoe from Amazon with fast shipping and customer support,Buy Under Armour Womens Charged Surge 4 Running Shoe from Amazon at competitive prices,4.4,2814,Amazon,Amazon,https://www.amazon.com/Under-Armour-Charged-Running-Metallic/dp/B0BZXGSLZ8/ref=sr_1_28?dib=eyJ2IjoiMSJ9.ISOjS8ZNz1J8mmiQV_UNNL5wCYH_8PVruBhEACcywLmD7bsUf5zeRsso1J01YiNh6darZDOn12ey7SE-db82_yuVACpNViDZA-rCwje7BS_kjW9zWwHdjYYG9BC22u88xe3PiVsAd78URobYAe_3ZJDjBegtEBO6Hl-92DGG_AzvGnTOQfeOGWSaJ4HraFUMmwLxdtf1Kh2h1NutVq929Vm7rwW80ZYXzge-dM2XzJ-dAx7mSu3hxnupKU1XI3FFiwlvkVGHFG1Dg0w5oPGVtp5CsuDOEUWPurSDPGL5IcA.gm4r84Zx_wWqNUt29VXLI2AoPzxvV6-zgVplO_k7XqI&dib_tag=se&keywords=shoes&qid=1756498211&sr=8-28,amazon_shoes_28,2025-08-30T01:12:46.246104,Under Armour Womens Charged Surge 4 Running Shoe,[]
hash bubbie Womens Slip on Shoes Canvas Shoes Non Slip Fashion Sneakers for Women Low Top Loafers,Single Product,18.4,23.0,AMZ-SHO-0029,In Stock,39,0.0,%,['https://m.media-amazon.com/images/I/717bQXEflpL._AC_UL320_.jpg'],[],Fashion,Shoes,24 hr(s),0.0,0.0,0.0,0.0,Quality hash bubbie Womens Slip on Shoes Canvas Shoes Non Slip Fashion Sneakers for Women Low Top Loafers from Amazon with fast shipping and customer support,Buy hash bubbie Womens Slip on Shoes Canvas Shoes Non Slip Fashion Sneakers for Women Low Top Loafers from Amazon at competitive prices,4.0,617,Amazon,Amazon,https://www.amazon.com/hash-bubbie-Fashion-Sneakers-Loafers%EF%BC%88Biege-US7%EF%BC%89/dp/B0CZRLCMX1/ref=sr_1_29?dib=eyJ2IjoiMSJ9.ISOjS8ZNz1J8mmiQV_UNNL5wCYH_8PVruBhEACcywLmD7bsUf5zeRsso1J01YiNh6darZDOn12ey7SE-db82_yuVACpNViDZA-rCwje7BS_kjW9zWwHdjYYG9BC22u88xe3PiVsAd78URobYAe_3ZJDjBegtEBO6Hl-92DGG_AzvGnTOQfeOGWSaJ4HraFUMmwLxdtf1Kh2h1NutVq929Vm7rwW80ZYXzge-dM2XzJ-dAx7mSu3hxnupKU1XI3FFiwlvkVGHFG1Dg0w5oPGVtp5CsuDOEUWPurSDPGL5IcA.gm4r84Zx_wWqNUt29VXLI2AoPzxvV6-zgVplO_k7XqI&dib_tag=se&keywords=shoes&qid=1756498211&sr=8-29,amazon_shoes_29,2025-08-30T01:12:54.344211,hash bubbie Womens Slip on Shoes Canvas Shoes Non Slip Fashion Sneakers for Women Low Top Loafers,[]
Abboos Womens Slip On Sneakers Women Walking Tennis Shoes Lightweight Casual Sneakers for Gym Travel Work,Single Product,18.4,23.0,AMZ-SHO-0030,In Stock,57,0.0,%,['https://m.media-amazon.com/images/I/71WEWMEG5UL._AC_UL320_.jpg'],[],Fashion,Shoes,24 hr(s),0.0,0.0,0.0,0.0,Quality Abboos Womens Slip On Sneakers Women Walking Tennis Shoes Lightweight Casual Sneakers for Gym Travel Work from Amazon with fast shipping and customer support,Buy Abboos Womens Slip On Sneakers Women Walking Tennis Shoes Lightweight Casual Sneakers for Gym Travel Work from Amazon at competitive prices,4.3,7556,Amazon,Amazon,https://www.amazon.com/Abboos-Walking-Comfortable-Sneakers-Sapphire/dp/B0BFW2PTQ3/ref=sr_1_30?dib=eyJ2IjoiMSJ9.ISOjS8ZNz1J8mmiQV_UNNL5wCYH_8PVruBhEACcywLmD7bsUf5zeRsso1J01YiNh6darZDOn12ey7SE-db82_yuVACpNViDZA-rCwje7BS_kjW9zWwHdjYYG9BC22u88xe3PiVsAd78URobYAe_3ZJDjBegtEBO6Hl-92DGG_AzvGnTOQfeOGWSaJ4HraFUMmwLxdtf1Kh2h1NutVq929Vm7rwW80ZYXzge-dM2XzJ-dAx7mSu3hxnupKU1XI3FFiwlvkVGHFG1Dg0w5oPGVtp5CsuDOEUWPurSDPGL5IcA.gm4r84Zx_wWqNUt29VXLI2AoPzxvV6-zgVplO_k7XqI&dib_tag=se&keywords=shoes&qid=1756498211&sr=8-30,amazon_shoes_30,2025-08-30T01:13:01.893468,Abboos Womens Slip On Sneakers Women Walking Tennis Shoes Lightweight Casual Sneakers for Gym Travel Work,[]
"Galaxy S25 Ultra, 512GB Smartphone, Unlocked Android, AI Night Mode Camera, Snapdragon 8 Elite Fast Processor, 5000mAh Battery, Built-in S Pen, 2025, US 1 Yr Warranty, Titanium Black",Single Product,3.2,4.0,AMZ-SAM-0001,In Stock,53,0.0,%,['https://m.media-amazon.com/images/I/61n0lmxP5-L._AC_UY218_.jpg'],[],Electronics,Smartphones,24 hr(s),0.0,0.0,0.0,0.0,"Quality Galaxy S25 Ultra, 512GB Smartphone, Unlocked Android, AI Night Mode Camera, Snapdragon 8 Elite Fast Processor, 5000mAh Battery, Built-in S Pen, 2025, US 1 Yr Warranty, Titanium Black from Amazon with fast shipping and customer support","Buy Galaxy S25 Ultra, 512GB Smartphone, Unlocked Android, AI Night Mode Camera, Snapdragon 8 Elite Fast Processor, 5000mAh Battery, Built-in S Pen, 2025, US 1 Yr Warranty, Titanium Black from Amazon at competitive prices",4.5,132,Amazon,Amazon,https://www.amazon.com/Smartphone-Unlocked-Processor-Manufacturer-Warranty/dp/B0DP3G4GVQ/ref=sr_1_1?dib=eyJ2IjoiMSJ9.lQDR9PcYOf13hE-4sat7ZBvt-Wsj2cvGPeyNzZjDXmV7cXMLiPqTETTV2K1zqvzRPF6j8yLXrnUSasPeLPr89F8Nsg00E0VcK0Z7m9Yb267Coi1u8VeNQnWowbbSb9TUB41ucgR1fiPxZK40a64r9WMaKo90Bxrs40flpeFhKjqHy2KF9Ua9d33O1egW1NjDqfISH6vFvq_1aMCmW-9caO6ZZ7MOSR-j6yjWejRGXtI.lYLHS825pZlScbBWZi5KdJ7ruzutm-l5LwPkUYDVh0Q&dib_tag=se&keywords=samsung&qid=1756498402&sr=8-1,amazon_samsung_1,2025-08-30T01:13:24.510056,"Galaxy S25 Ultra, 512GB Smartphone, Unlocked Android, AI Night Mode Camera, Snapdragon 8 Elite Fast Processor, 5000mAh Battery, Built-in S Pen, 2025, US 1 Yr Warranty, Titanium Black","[{'storage': '64GB', 'price': 163.73, 'stock': 5, 'sku': 'STORAGE-64GB'}, {'storage': '128GB', 'price': 165.3, 'stock': 7, 'sku': 'STORAGE-128GB'}, {'storage': '256GB', 'price': 165.3, 'stock': 24, 'sku': 'STORAGE-256GB'}]"
"Galaxy A16 4G LTE (128GB  4GB) International Model SM-A165FDS Factory Unlocked, 6.7, Dual SIM, 50MP Triple Camera (Case Bundle), Black",Single Product,104.0,130.0,AMZ-SAM-0002,In Stock,82,0.0,%,['https://m.media-amazon.com/images/I/61Lp1UcxeLL._AC_UY218_.jpg'],[],Electronics,Smartphones,24 hr(s),0.0,0.0,0.0,0.0,"Quality Galaxy A16 4G LTE (128GB  4GB) International Model SM-A165FDS Factory Unlocked, 6.7, Dual SIM, 50MP Triple Camera (Case Bundle), Black from Amazon with fast shipping and customer support","Buy Galaxy A16 4G LTE (128GB  4GB) International Model SM-A165FDS Factory Unlocked, 6.7, Dual SIM, 50MP Triple Camera (Case Bundle), Black from Amazon at competitive prices",3.9,1322,Amazon,Amazon,https://www.amazon.com/Samsung-International-SM-A165F-Factory-Unlocked/dp/B0DM1S54MZ/ref=sr_1_2?dib=eyJ2IjoiMSJ9.lQDR9PcYOf13hE-4sat7ZBvt-Wsj2cvGPeyNzZjDXmV7cXMLiPqTETTV2K1zqvzRPF6j8yLXrnUSasPeLPr89F8Nsg00E0VcK0Z7m9Yb267Coi1u8VeNQnWowbbSb9TUB41ucgR1fiPxZK40a64r9WMaKo90Bxrs40flpeFhKjqHy2KF9Ua9d33O1egW1NjDqfISH6vFvq_1aMCmW-9caO6ZZ7MOSR-j6yjWejRGXtI.lYLHS825pZlScbBWZi5KdJ7ruzutm-l5LwPkUYDVh0Q&dib_tag=se&keywords=samsung&qid=1756498402&sr=8-2,amazon_samsung_2,2025-08-30T01:13:28.116165,"Galaxy A16 4G LTE (128GB  4GB) International Model SM-A165FDS Factory Unlocked, 6.7, Dual SIM, 50MP Triple Camera (Case Bundle), Black",[]
